Company,Symbol,Industry,Offer Date,Shares (millions),Offer Price,1st Day Close,Current Price,Return
"Belite Bio, Inc.",BLTE,Health Care,4/29/2022,6,$6.00,$10.59,$10.59,76.50%
"HilleVax, Inc.",HLVX,Health Care,4/29/2022,11.8,$17.00,$19.09,$19.09,12.29%
"Ostin Technology Group Co., Ltd.",OST,Industrials,4/27/2022,3.4,$4.00,$39.66,$3.70,-7.50%
"Tenon Medical, Inc.",TNON,Health Care,4/27/2022,3.2,$5.00,$22.50,$21.61,332.20%
JE Cleantech Holdings Limited,JCSE,Industrials,4/22/2022,3.8,$4.00,$19.00,$4.35,8.75%
"Applied Blockchain, Inc.",APLD,Technology,4/13/2022,8,$5.00,$4.85,$3.36,-32.80%
"Excelerate Energy, Inc.",EE,Oil & Gas,4/13/2022,16,$24.00,$26.85,$27.25,13.54%
Genius Group Limited,GNS,Consumer Services,4/12/2022,3.3,$6.00,$30.50,$5.75,-4.17%
Expion360 Inc.,XPON,Industrials,4/1/2022,2.2,$7.00,$7.93,$3.59,-48.71%
"AN2 Therapeutics, Inc.",ANTX,Health Care,3/25/2022,4.6,$15.00,$15.40,$15.63,4.20%
Akanda Corp.,AKAN,Health Care,3/15/2022,4,$4.00,$10.50,$8.49,112.25%
"The Marygold Companies, Inc. (aka Concierge Technologies, Inc.)",MGLD,Financials,3/10/2022,1.7,$2.00,$2.17,$1.37,-31.50%
"Blue Water Vaccines, Inc.",BWV,Health Care,2/18/2022,2.2,$9.00,$57.40,$3.59,-60.11%
Meihua International Medical Technologies,MHUA,Health Care,2/16/2022,3.6,$10.00,$12.92,$8.30,-17.00%
"Vivakor, Inc.",VIVK,Oil & Gas,2/14/2022,1.6,$5.00,$4.35,$2.58,-48.40%
Modiv Inc.,MDV,Financials,2/11/2022,0,$25.00,$68.00,$18.23,-27.08%
"The Arena Group (aka theMaven, Inc.)",AREN,Technology,2/11/2022,3.6,$8.25,$8.25,$10.35,25.45%
"HEARTCORE ENTERPRISES, INC.",HTCR,Technology,2/10/2022,3,$5.00,$4.95,$1.69,-66.20%
Sky Technologies Corp. (SQL Technologies Corp.),SKYX,Technology,2/10/2022,1.7,$14.00,$11.85,$12.00,-14.29%
"ARCELLX, INC.",ACLX,Health Care,2/4/2022,8.3,$15.00,$16.80,$10.93,-27.13%
"Nuvectis Pharma, Inc.",NVCT,Health Care,2/4/2022,3.2,$5.00,$3.25,$9.50,90.00%
Silver Spike Investment Corp.,SSIC,Financials,2/4/2022,6.1,$14.00,$14.00,$10.57,-24.50%
Credo Technology Group Holding Ltd.,CRDO,Technology,1/27/2022,20,$10.00,$11.65,$11.04,10.40%
"Yoshitsu Co., Ltd",TKLF,Consumer Goods,1/18/2022,6,$4.00,$32.00,$1.92,-52.00%
Cerberus Cyber Sentinel Corp.,CISO,Technology,1/14/2022,2,$5.00,$5.42,$4.22,-15.60%
"TPG, Inc.",TPG,Financials,1/13/2022,33.9,$29.50,$34.00,$25.71,-12.85%
"Amylyx Pharmaceuticals, Inc.",AMLX,Health Care,1/7/2022,10,$19.00,$18.07,$9.00,-52.63%
"CinCor Pharma, Inc.",CINC,Health Care,1/7/2022,12.1,$16.00,$16.00,$25.42,58.88%
"Hour Loop, Inc.",HOUR,Consumer Goods,1/7/2022,1.5,$4.00,$7.99,$3.04,-24.00%
"Vigil Neuroscience, Inc.",VIGL,Health Care,1/7/2022,7,$14.00,$12.65,$3.39,-75.79%
Bionomics Limited,BNOX,Health Care,12/16/2021,1.6,$12.35,$14.73,$7.80,-36.84%
"IMMIX BIOPHARMA, INC.",IMMX,Health Care,12/16/2021,4.2,$5.00,$3.67,$1.38,-72.40%
Genenta Science S.p.A.,GNTA,Health Care,12/15/2021,2.4,$11.50,$11.00,$5.80,-49.57%
"Samsara, Inc.",IOT,Technology,12/15/2021,35,$23.00,$24.70,$12.34,-46.35%
"Fresh Vine Wine, Inc.",VINE,Consumer Goods,12/14/2021,2.2,$10.00,$7.05,$3.49,-65.10%
Sidus Space Inc.,SIDU,Technology,12/14/2021,3,$5.00,$12.19,$2.19,-56.20%
"HashiCorp, Inc.",HCP,Technology,12/9/2021,15.3,$80.00,$85.19,$49.13,-38.59%
Nu Holdings Ltd.,NU,Financials,12/9/2021,289.2,$9.00,$10.33,$6.01,-33.22%
"Chicago Atlantic Real Estate Finance, Inc.",REFI,Financials,12/8/2021,6.3,$16.00,$16.49,$17.79,11.19%
BIOPLUS ACQUISITION CORP.,BIOSU,Blank Check,12/3/2021,20,$10.00,$0.00,$10.04,0.40%
Crescera Capital Acquisition Corp.,CRECU,Blank Check,11/19/2021,17.5,$10.00,$10.03,$10.06,0.60%
FinWise Bancorp,FINW,Financials,11/19/2021,3.5,$10.50,$12.73,$15.37,46.38%
SNOW LAKE RESOURCES LTD.,LITM,Basic Materials,11/19/2021,3.2,$7.50,$13.00,$5.13,-31.60%
"Sweetgreen, Inc.",SG,Consumer Services,11/18/2021,13,$28.00,$49.50,$27.73,-0.96%
"Braze, Inc.",BRZE,Technology,11/17/2021,8,$65.00,$93.39,$40.19,-38.17%
Iris Energy Limited,IREN,Financials,11/17/2021,8.3,$28.00,$24.45,$8.69,-68.96%
SONO GROUP N.V.,SEV,Industrials,11/17/2021,10,$15.00,$38.20,$4.93,-67.13%
"USERTESTING, INC.",USER,Technology,11/17/2021,10,$14.00,$14.01,$8.03,-42.64%
ENERGEM CORP.,ENCPU,Blank Check,11/16/2021,10,$10.00,$10.12,$10.12,1.20%
Journey Medical Corp.,DERM,Health Care,11/12/2021,3.5,$10.00,$0.00,$3.93,-60.70%
Mynaric AG,MYNA,Technology,11/12/2021,4,$16.50,$0.00,$10.25,-37.88%
"BACKBLAZE, INC.",BLZE,Technology,11/11/2021,6.3,$16.00,$19.90,$9.48,-40.75%
Kidpik Corp.,PIK,Consumer Goods,11/11/2021,2.1,$8.50,$8.50,$2.01,-76.35%
"Lulu’s Fashion Lounge Holdings, Inc.",LVLU,Consumer Goods,11/11/2021,5.8,$16.00,$13.06,$9.64,-39.75%
"TIVIC HEALTH SYSTEMS, INC.",TIVC,Health Care,11/11/2021,3,$5.00,$5.19,$1.53,-69.40%
"Vaxxinity, Inc.",VAXX,Health Care,11/11/2021,6,$13.00,$16.55,$3.61,-72.23%
"WEAVE COMMUNICATIONS, INC.",WEAV,Technology,11/11/2021,5,$24.00,$18.79,$4.86,-79.75%
"Winc, Inc.",WBEV,Consumer Goods,11/11/2021,1.5,$13.00,$12.27,$2.71,-79.15%
CI&T Inc.,CINT,Other,11/10/2021,13,$15.00,$18.44,$13.41,-10.60%
Expensify,EXFY,Technology,11/10/2021,9.7,$27.00,$41.06,$15.52,-42.52%
"Rivian Automotive, Inc.",RIVN,Industrials,11/10/2021,153,$78.00,$100.73,$31.22,-59.97%
"HERTZ GLOBAL HOLDINGS, INC.",HTZ,Consumer Services,11/9/2021,44.5,$29.00,$26.17,$20.06,-30.83%
Society Pass Inc.,SOPA,Technology,11/9/2021,2.9,$9.00,$48.30,$1.99,-77.89%
"THIRD COAST BANCSHARES, INC.",TCBX,Financials,11/9/2021,3.5,$25.00,$25.01,$22.49,-10.04%
Cian PLC,CIAN,Technology,11/5/2021,18.2,$16.00,$17.62,$3.40,-78.75%
"IO Biotech, Inc.",IOBT,Health Care,11/5/2021,7.2,$14.00,$15.65,$7.25,-48.21%
MAINZ BIOMED B.V.,MYNZ,Health Care,11/5/2021,2,$5.00,$9.99,$12.44,148.80%
"The Real Good Food Company, Inc.",RGF,Consumer Goods,11/5/2021,5.3,$12.00,$11.00,$7.17,-40.25%
"Arhaus, Inc.",ARHS,Consumer Goods,11/4/2021,12.9,$13.00,$12.80,$7.17,-44.85%
Cadre Holdings,CDRE,Industrials,11/4/2021,6,$13.00,$15.29,$25.38,95.23%
Evotec SE,EVO,Health Care,11/4/2021,20,$21.75,$22.00,$12.00,-44.83%
MDxHEALTH SA,MDXH,Health Care,11/4/2021,3.8,$12.00,$12.00,$8.03,-33.08%
NerdWallet,NRDS,Technology,11/4/2021,7.3,$18.00,$28.30,$9.90,-45.00%
"Allbirds, Inc.",BIRD,Industrials,11/3/2021,20.2,$15.00,$28.89,$5.08,-66.13%
"Claros Mortgage Trust, Inc.",CMTG,Financials,11/3/2021,5.5,$18.65,$17.00,$17.89,-4.08%
LianBio,LIAN,Health Care,11/1/2021,20.3,$16.00,$13.70,$5.02,-68.63%
"Aura Biosciences, Inc.",AURA,Health Care,10/29/2021,5.4,$14.00,$14.80,$16.96,21.14%
Entrada Therapeutics,TRDA,Health Care,10/29/2021,9.1,$20.00,$23.95,$5.98,-70.10%
HireRight Holdings Corp.,HRT,Other,10/29/2021,22.2,$19.00,$17.25,$17.41,-8.37%
"Sonendo, Inc.",SONX,Health Care,10/29/2021,7.8,$12.00,$9.20,$2.92,-75.67%
"Udemy, Inc.",UDMY,Consumer Services,10/29/2021,14.5,$29.00,$27.50,$10.91,-62.38%
"Fluence Energy, Inc.",FLNC,Utilities,10/28/2021,31,$28.00,$34.84,$9.45,-66.25%
GLOBALFOUNDRIES Inc.,GFS,Technology,10/28/2021,55,$47.00,$46.40,$52.29,11.26%
"Solo Brands, Inc.",DTC,Consumer Goods,10/28/2021,12.9,$17.00,$17.61,$6.31,-62.88%
"Arteris, Inc.",AIP,Technology,10/27/2021,5,$14.00,$18.20,$13.82,-1.29%
Informatica Inc.,INFA,Technology,10/27/2021,29,$29.00,$29.00,$20.67,-28.72%
"MARPAI, INC.",MRAI,Financials,10/27/2021,6.3,$4.00,$4.75,$1.60,-60.00%
"Rent the Runway, Inc.",RENT,Consumer Services,10/27/2021,17,$21.00,$19.29,$6.34,-69.81%
Augmedix,AUGX,Technology,10/26/2021,10,$4.00,$3.50,$2.88,-28.00%
"Aris Water Solutions, Inc.",ARIS,Oil & Gas,10/22/2021,17.7,$13.00,$14.30,$17.43,34.08%
"MINERVA SURGICAL, INC.",UTRS,Health Care,10/22/2021,6.3,$12.00,$9.00,$2.89,-75.92%
Xilio Therapeutics,XLO,Health Care,10/22/2021,7.4,$16.00,$16.00,$3.39,-78.81%
"Enfusion, Inc.",ENFN,Technology,10/21/2021,18.8,$17.00,$19.81,$12.77,-24.88%
"P10, INC.",PX,Financials,10/21/2021,20,$12.00,$12.08,$12.10,0.83%
Portillo’s Inc.,PTLO,Consumer Services,10/21/2021,20.3,$20.00,$29.10,$20.44,2.20%
RUNWAY GROWTH FINANCE CORP.,RWAY,Financials,10/21/2021,6.9,$14.60,$12.90,$14.37,-1.58%
"The Vita Coco Company, Inc.",COCO,Consumer Goods,10/21/2021,11.5,$15.00,$13.52,$10.86,-27.60%
Context Therapeutics,CNTX,Health Care,10/20/2021,5,$5.00,$5.10,$1.45,-71.00%
Cyngn,CYN,Technology,10/20/2021,3.5,$7.50,$7.40,$5.52,-26.40%
Stronghold Digital Mining,SDIG,Technology,10/20/2021,6.7,$19.00,$28.90,$3.90,-79.47%
"MiNK Therapeutics, Inc.",INKT,Health Care,10/15/2021,3.3,$12.00,$12.00,$2.24,-81.33%
"Paragon 28, Inc.",FNA,Health Care,10/15/2021,7.8,$16.00,$18.71,$18.12,13.25%
"GitLab, Inc.",GTLB,Technology,10/14/2021,10.4,$77.00,$103.89,$51.34,-33.32%
IHS Holding Limited,IHS,Industrials,10/14/2021,18,$21.00,$17.00,$10.50,-50.00%
Lucid Diagnostics Inc.,LUCD,Health Care,10/14/2021,5,$14.00,$11.76,$2.11,-84.93%
"AvidXchange Holdings, Inc.",AVDX,Technology,10/13/2021,26.4,$25.00,$24.94,$8.19,-67.24%
Healthcare Triangle,HCTI,Technology,10/13/2021,3.3,$4.00,$3.59,$0.78,-80.50%
"Cognition Therapeutics, Inc.",CGTX,Health Care,10/8/2021,3.4,$12.00,$12.77,$2.90,-75.83%
IsoPlexis Corp.,ISO,Health Care,10/8/2021,8.3,$15.00,$11.52,$1.85,-87.67%
"Pyxis Oncology, Inc.",PYXS,Health Care,10/8/2021,10.5,$16.00,$13.20,$2.45,-84.69%
"Life Time Group Holdings, Inc.",LTH,Consumer Services,10/7/2021,39,$18.00,$17.75,$14.50,-19.44%
"Theseus Pharmaceuticals, Inc.",THRX,Health Care,10/7/2021,10,$16.00,$18.58,$8.17,-48.94%
Nuvei Corp.,NVEI,Technology,10/6/2021,3,$123.14,$129.80,$55.91,-54.60%
"Volcon, Inc.",VLCN,Industrials,10/6/2021,3,$5.50,$10.86,$1.54,-72.00%
Exscientia plc,EXAI,Health Care,10/1/2021,13.9,$22.00,$0.00,$10.76,-51.09%
"First Watch Restaurant Group, Inc.",FWRG,Consumer Services,10/1/2021,9.5,$18.00,$0.00,$13.00,-27.78%
TDCX Inc.,TDCX,Technology,10/1/2021,19.4,$18.00,$0.00,$12.82,-28.78%
"Olaplex Holdings, Inc.",OLPX,Consumer Goods,9/30/2021,73.7,$21.00,$24.50,$14.70,-30.00%
Hennessy Capital Investment Corp. VI,HCVIU,Blank Check,9/29/2021,30,$10.00,$0.00,$10.07,0.70%
MELI Kaszek Pioneer Corp.,MEKA,Blank Check,9/29/2021,25,$10.00,$0.00,$10.20,2.00%
Warby Parker Inc.,WRBY,Consumer Goods,9/29/2021,77.7,$40.00,$54.49,$23.29,-41.78%
"Amplitude, Inc.",AMPL,Technology,9/28/2021,35.4,$50.00,$54.80,$17.46,-65.08%
"Clearwater Analytics Holdings, Inc.",CWAN,Technology,9/24/2021,30,$18.00,$25.37,$17.86,-0.78%
Cue Health Inc.,HLTH,Health Care,9/24/2021,12.5,$16.00,$20.00,$6.40,-60.00%
Argo Blockchain Plc,ARBK,Technology,9/23/2021,7.5,$15.00,$16.75,$8.29,-44.73%
"Brilliant Earth Group, Inc.",BRLT,Industrials,9/23/2021,8.3,$12.00,$17.12,$7.08,-41.00%
"ENGAGESMART, INC.",ESMT,Technology,9/23/2021,14.6,$26.00,$34.12,$20.88,-19.69%
"Remitly Global, Inc.",RELY,Technology,9/23/2021,12.2,$43.00,$48.45,$11.10,-74.19%
"Sovos Brands, Inc.",SOVO,Industrials,9/23/2021,23.3,$12.00,$13.52,$14.64,22.00%
Sterling Check Corp.,STER,Technology,9/23/2021,14.3,$23.00,$26.90,$25.98,12.96%
Thorne HealthTech,THRN,Consumer Goods,9/23/2021,7,$10.00,$7.55,$6.70,-33.00%
a.k.a. Brands Holding Corp.,AKA,Consumer Goods,9/22/2021,10,$11.00,$9.99,$3.53,-67.91%
Freshworks,FRSH,Technology,9/22/2021,28.5,$36.00,$47.55,$18.94,-47.39%
"Toast, Inc.",TOST,Technology,9/22/2021,21.7,$40.00,$62.51,$20.59,-48.53%
VersaBank,VBNK,Financials,9/22/2021,5.5,$10.00,$10.50,$10.22,2.20%
"Enact Holdings, Inc. (formerly Genworth Mortgage Holdings, Inc.)",ACT,Financials,9/16/2021,13.3,$19.00,$20.49,$23.66,24.53%
"ForgeRock, Inc.",FORG,Technology,9/16/2021,11,$25.00,$36.50,$20.54,-17.84%
Aesther Healthcare Acquisition Corp.,AEHAU,Blank Check,9/15/2021,10,$10.00,$10.06,$10.25,2.50%
Definitive Healthcare Corp.,DH,Technology,9/15/2021,15.6,$27.00,$43.29,$24.35,-9.81%
"DICE Therapeutics, Inc.",DICE,Health Care,9/15/2021,12,$17.00,$36.89,$20.32,19.53%
Dutch Bros Inc.,BROS,Consumer Goods,9/15/2021,21.1,$23.00,$36.68,$47.77,107.70%
"EzFill Holdings, Inc.",EZFL,Consumer Services,9/15/2021,6.3,$4.00,$4.54,$0.65,-83.75%
On Holding AG,ONON,Industrials,9/15/2021,31.1,$24.00,$35.00,$24.97,4.04%
PROCEPT BioRobotics,PRCT,Health Care,9/15/2021,6.6,$25.00,$41.94,$35.56,42.24%
Thoughtworks Holding Inc. (Turing Holding),TWKS,Technology,9/15/2021,36.8,$21.00,$29.39,$18.51,-11.86%
Tyra Biosciences,TYRA,Health Care,9/15/2021,10.8,$16.00,$26.00,$7.47,-53.31%
Sportradar Group AG,SRAD,Technology,9/14/2021,19,$27.00,$25.05,$12.73,-52.85%
DoubleDown Interactive,DDI,Technology,8/31/2021,6.3,$18.00,$17.75,$11.03,-38.72%
Focus Universal Inc.,FCUV,Technology,8/31/2021,2,$5.00,$5.10,$14.37,187.40%
"Biotricity, Inc.",BTCY,Health Care,8/26/2021,5,$3.00,$2.91,$1.47,-51.00%
authID.ai (IPSIDY INC.),AUID,Technology,8/24/2021,1.4,$7.00,$7.40,$3.14,-55.14%
"Southern States Bancshares, Inc.",SSBK,Financials,8/12/2021,2,$19.00,$19.77,$22.95,20.79%
Eliem Therapeutics,ELYM,Health Care,8/10/2021,6.4,$12.50,$15.90,$3.16,-74.72%
Adagio Therapeutics,ADGI,Health Care,8/6/2021,18.2,$17.00,$20.88,$2.86,-83.18%
"European Wax Center, Inc.",EWCZ,Consumer Services,8/5/2021,10.6,$17.00,$21.39,$27.06,59.18%
Orange County Bancorp,OBT,Financials,8/5/2021,1,$33.50,$34.10,$39.45,17.76%
Weber Inc.,WEBR,Industrials,8/5/2021,17.9,$14.00,$16.50,$8.78,-37.29%
Dole plc,DOLE,Consumer Goods,7/30/2021,25,$16.00,$14.50,$11.91,-25.56%
Immuneering Corp.,IMRX,Health Care,7/30/2021,7.5,$15.00,$17.59,$5.35,-64.33%
"IN8bio, INC.",INAB,Health Care,7/30/2021,4,$10.00,$10.00,$2.40,-76.00%
Omega Therapeutics,OMGA,Health Care,7/30/2021,7.4,$17.00,$16.00,$3.41,-79.94%
Rani Therapeutics Holdings,RANI,Health Care,7/30/2021,6.7,$11.00,$11.00,$12.23,11.18%
RxSight,RXST,Health Care,7/30/2021,7.4,$16.00,$16.00,$11.69,-26.94%
"Tenaya Therapeutics, Inc.",TNYA,Health Care,7/30/2021,12,$15.00,$15.35,$9.22,-38.53%
"Icosavax, Inc.",ICVX,Health Care,7/29/2021,12.1,$15.00,$34.97,$7.25,-51.67%
Metals Acquisition Corp,MTAL.U,Blank Check,7/29/2021,25,$10.00,$9.83,$9.83,-1.70%
"Nuvalent, Inc.",NUVL,Health Care,7/29/2021,9.8,$17.00,$18.75,$10.29,-39.47%
Rallybio Corp.,RLYB,Health Care,7/29/2021,6.2,$13.00,$14.10,$9.73,-25.15%
Riskified Ltd.,RSKD,Technology,7/29/2021,17.5,$21.00,$26.00,$5.23,-75.10%
Software Acquisition Group Inc. III,SWAGU,Blank Check,7/29/2021,20,$10.00,$10.00,$10.26,2.60%
Traeger Inc. (TGPX Holdings I LLC),COOK,Industrials,7/29/2021,23.5,$18.00,$22.00,$6.23,-65.39%
DA32 Life Science Tech Acquisition,DALS,Blank Check,7/28/2021,20,$10.00,$9.84,$9.80,-2.00%
"Duolingo, Inc.",DUOL,Technology,7/28/2021,5.1,$102.00,$139.01,$87.96,-13.76%
"MeridianLink, Inc.",MLNK,Technology,7/28/2021,13.2,$26.00,$24.60,$16.15,-37.88%
"PowerSchool Holdings, Inc.",PWSC,Technology,7/28/2021,39.5,$18.00,$18.00,$15.06,-16.33%
Snap One Holdings Corp.,SNPO,Industrials,7/28/2021,13.9,$18.00,$16.55,$11.92,-33.78%
Candel Therapeutics,CADL,Health Care,7/27/2021,9,$8.00,$7.00,$3.75,-53.13%
Caribou Biosciences,CRBU,Health Care,7/23/2021,19,$16.00,$16.32,$7.40,-53.75%
"Core & Main, Inc.",CNM,Industrials,7/23/2021,34.9,$20.00,$23.70,$23.76,18.80%
Cytek BioSciences,CTKB,Health Care,7/23/2021,16.8,$17.00,$18.76,$9.65,-43.24%
Gambling.com Group Limited,GAMB,Consumer Services,7/23/2021,5.3,$8.00,$8.00,$8.28,3.50%
Outbrain Inc.,OB,Technology,7/23/2021,8,$20.00,$20.00,$9.50,-52.50%
SOPHiA GENETICS SA,SOPH,Health Care,7/23/2021,13,$18.00,$16.76,$6.85,-61.94%
U.S. Century Bank,USCB,Financials,7/23/2021,4,$10.00,$10.82,$13.72,37.20%
"Xponential Fitness, Inc.",XPOF,Consumer Services,7/23/2021,10,$12.00,$12.25,$20.72,72.67%
AbSci Corp.,ABSI,Health Care,7/22/2021,12.5,$16.00,$21.59,$6.51,-59.31%
"Couchbase, Inc.",BASE,Technology,7/22/2021,8.3,$24.00,$30.40,$17.00,-29.17%
"Instructure Holdings, Inc.",INST,Technology,7/22/2021,12.5,$20.00,$20.98,$17.59,-12.05%
"Ryan Specialty Group Holdings, Inc.",RYAN,Financials,7/22/2021,56.9,$23.50,$27.50,$38.58,64.17%
Zenvia Inc.,ZENV,Technology,7/22/2021,11.5,$13.00,$10.20,$6.76,-48.00%
Zevia PBC,ZVIA,Consumer Goods,7/22/2021,10.7,$14.00,$13.65,$3.44,-75.43%
CS Disco,LAW,Technology,7/21/2021,7,$32.00,$41.00,$30.71,-4.03%
"Kaltura, Inc.",KLTR,Technology,7/21/2021,15,$10.00,$12.00,$1.59,-84.10%
"Paycor HCM, Inc.",PYCR,Technology,7/21/2021,18.5,$23.00,$26.05,$25.10,9.13%
Twin Vee PowerCats,VEEE,Consumer Goods,7/21/2021,3,$6.00,$7.49,$3.63,-39.50%
VTEX,VTEX,Technology,7/21/2021,19,$19.00,$22.18,$5.29,-72.16%
HCW Biologics Inc.,HCWB,Health Care,7/20/2021,7,$8.00,$6.30,$2.34,-70.75%
"Blend Labs, Inc.",BLND,Technology,7/16/2021,20,$18.00,$20.90,$4.67,-74.06%
Bridge Investment Group Holdings Inc.,BRDG,Financials,7/16/2021,18.8,$16.00,$15.65,$18.78,17.38%
"Erasca, Inc.",ERAS,Health Care,7/16/2021,18.8,$16.00,$17.43,$8.04,-49.75%
"Imago BioSciences, Inc.",IMGO,Health Care,7/16/2021,8.4,$16.00,$16.29,$19.12,19.50%
Regencell Bioscience Holdings Ltd.,RGC,Health Care,7/16/2021,2.3,$9.50,$10.50,$23.22,144.42%
Stevanato Group S.p.A.,STVN,Health Care,7/16/2021,32,$21.00,$19.67,$16.19,-22.90%
TScan Therapeutics,TCRX,Health Care,7/16/2021,6.7,$15.00,$10.50,$2.16,-85.60%
F45 Training Holdings Inc.,FXLV,Consumer Services,7/15/2021,20.3,$16.00,$16.20,$9.12,-43.00%
Membership Collective Group Inc.,MCG,Other,7/15/2021,30,$14.00,$12.66,$7.49,-46.50%
"Phillips Edison & Company, Inc.",PECO,Financials,7/15/2021,17,$28.00,$27.83,$33.86,20.93%
"Rapid Micro Biosystems, Inc.",RPID,Health Care,7/15/2021,7.9,$20.00,$21.40,$5.83,-70.85%
"SERA PROGNOSTICS, INC.",SERA,Health Care,7/15/2021,4.7,$16.00,$11.90,$2.23,-86.06%
"Sight Sciences, Inc.",SGHT,Health Care,7/15/2021,10,$24.00,$33.50,$7.06,-70.58%
ARYA Sciences Acquisition Corp V,ARYE,Blank Check,7/13/2021,13,$10.00,$10.05,$9.71,-2.90%
Sentage Holdings Inc.,SNTG,Financials,7/9/2021,4,$5.00,$34.89,$0.69,-86.20%
"Transcode Therapeutics, Inc.",RNAZ,Health Care,7/9/2021,6.3,$4.00,$5.29,$2.80,-30.00%
AltC Acquisition Corp. (formerly Churchill Capital Corp. VIII),ALCC,Blank Check,7/8/2021,45,$10.00,$9.98,$9.74,-2.60%
Moving iMage Technologies,MITQ,Consumer Goods,7/8/2021,4.2,$3.00,$24.00,$1.19,-60.33%
NYXOAH SA,NYXH,Health Care,7/2/2021,2.8,$30.00,$30.11,$17.22,-42.60%
"Acumen Pharmaceuticals, Inc.",ABOS,Health Care,7/1/2021,10,$16.00,$20.10,$3.86,-75.88%
D-MARKET Electronic Services & Trading (Hepsiburada),HEPS,Consumer Goods,7/1/2021,56.7,$12.00,$13.43,$1.60,-86.67%
Eco Wave Power Global AB,WAVE,Technology,7/1/2021,1,$8.00,$10.85,$4.96,-38.00%
EverCommerce Inc.,EVCM,Technology,7/1/2021,19.1,$17.00,$17.60,$13.38,-21.29%
"Krispy Kreme, Inc.",DNUT,Consumer Goods,7/1/2021,29.4,$17.00,$21.00,$13.66,-19.65%
"The Glimpse Group, Inc.",VRAR,Technology,7/1/2021,1.8,$7.00,$17.66,$4.44,-36.57%
Torrid Holdings,CURV,Consumer Goods,7/1/2021,11,$21.00,$24.15,$5.76,-72.57%
"Aerovate Therapeutics, Inc.",AVTE,Health Care,6/30/2021,8.7,$14.00,$22.83,$12.75,-8.93%
"Clear Secure, Inc.",YOU,Technology,6/30/2021,13.2,$31.00,$40.00,$30.42,-1.87%
"CVRx, Inc.",CVRX,Health Care,6/30/2021,7,$18.00,$28.00,$5.76,-68.00%
DiDi Global Inc.,DIDI,Technology,6/30/2021,317,$14.00,$14.14,$1.88,-86.57%
Integral Ad Science Holding,IAS,Technology,6/30/2021,15,$18.00,$20.58,$12.10,-32.78%
"LegalZoom.com, Inc",LZ,Technology,6/30/2021,19.1,$28.00,$37.85,$14.55,-48.04%
"Pop Culture Group Co., Ltd",CPOP,Consumer Services,6/30/2021,6.2,$6.00,$30.30,$1.05,-82.50%
SentinelOne,S,Technology,6/30/2021,35,$35.00,$42.50,$33.30,-4.86%
Social Capital Suvretta Holdings Corp. I,DNAA,Blank Check,6/30/2021,22,$10.00,$10.11,$9.88,-1.20%
Social Capital Suvretta Holdings Corp. II,DNAB,Blank Check,6/30/2021,22,$10.00,$10.12,$9.74,-2.60%
Social Capital Suvretta Holdings Corp. IV,DNAD,Blank Check,6/30/2021,22,$10.00,$10.10,$9.76,-2.40%
"Xometry, Inc.",XMTR,Industrials,6/30/2021,6.9,$44.00,$87.39,$32.82,-25.41%
Dingdong (Cayman) Limited,DDL,Consumer Services,6/29/2021,3.7,$23.50,$23.52,$5.28,-77.53%
Gobi Acquisition Corp.,GOBI,Blank Check,6/29/2021,25,$10.00,$9.91,$9.71,-2.90%
"Acurx Pharmaceuticals, LLC*",ACXP,Health Care,6/25/2021,2.5,$6.00,$7.89,$3.73,-37.83%
"Alpha Teknova, Inc.",TKNO,Health Care,6/25/2021,6,$16.00,$25.00,$11.70,-26.88%
"Elevation Oncology, Inc.",ELEV,Health Care,6/25/2021,6.3,$16.00,$11.44,$2.84,-82.25%
GH Research PLC,GHRS,Health Care,6/25/2021,10,$16.00,$19.25,$15.06,-5.88%
"Graphite Bio, Inc.",GRPH,Health Care,6/25/2021,14,$17.00,$18.50,$4.02,-76.35%
Missfresh Limited,MF,Consumer Services,6/25/2021,21,$13.00,$9.66,$0.52,-96.00%
"Mister Car Wash, Inc.",MCW,Consumer Services,6/25/2021,37.5,$15.00,$20.30,$14.40,-4.00%
Bon Natural Life Limited,BON,Consumer Services,6/24/2021,2.2,$5.00,$7.20,$5.16,3.20%
Bright Health Group,BHG,Health Care,6/24/2021,51.4,$18.00,$16.64,$1.80,-90.00%
"Confluent, Inc.",CFLT,Technology,6/24/2021,23,$36.00,$45.02,$32.00,-11.11%
"Doximity, Inc.",DOCS,Technology,6/24/2021,23.3,$26.00,$53.00,$39.87,53.35%
"GROVE, INC.",GRVI,Consumer Goods,6/24/2021,2.2,$5.00,$5.60,$4.33,-13.40%
Miromatrix Medical Inc.,MIRO,Health Care,6/24/2021,4.8,$9.00,$15.24,$3.42,-62.00%
Monte Rosa Therapeutics,GLUE,Health Care,6/24/2021,11.7,$19.00,$21.18,$10.90,-42.63%
Coliseum Acquisition Corp.,MITAU,Blank Check,6/23/2021,15,$10.00,$9.90,$9.80,-2.00%
First Advantage Corp.,FA,Other,6/23/2021,25.5,$15.00,$19.70,$17.34,15.60%
"Sprinklr, Inc.",CXM,Technology,6/23/2021,16.6,$16.00,$17.60,$13.65,-14.69%
Full Truck Alliance Co. Ltd.,YMM,Technology,6/22/2021,82.5,$19.00,$21.50,$6.03,-68.26%
AiHuiShou International Co. Ltd.,RERE,Consumer Goods,6/18/2021,16.2,$14.00,$17.21,$2.84,-79.71%
Ambrx Biopharma,AMAM,Health Care,6/18/2021,7,$18.00,$17.05,$3.66,-79.67%
ATAI Life Sciences B.V.*,ATAI,Health Care,6/18/2021,15,$15.00,$19.45,$4.29,-71.40%
"Century Therapeutics, Inc.",IPSC,Health Care,6/18/2021,10.6,$20.00,$0.00,$12.02,-39.90%
Codex DNA,DNAY,Health Care,6/18/2021,6.7,$16.00,$18.50,$3.90,-75.63%
Cyteir Therapeutics,CYT,Health Care,6/18/2021,7.4,$18.00,$17.40,$2.25,-87.50%
Femasys Inc.,FEMY,Health Care,6/18/2021,2.7,$13.00,$12.00,$1.63,-87.46%
Tremor International Ltd.,TRMR,Technology,6/18/2021,6.8,$19.00,$17.90,$11.65,-38.68%
"Angel Oak Mortgage, Inc.",AOMR,Financials,6/17/2021,8.1,$19.00,$18.65,$16.16,-14.95%
iSpecimen Inc.,ISPC,Health Care,6/17/2021,2.3,$8.00,$7.15,$3.19,-60.13%
"Lyell Immunopharma, Inc.",LYEL,Health Care,6/17/2021,25,$17.00,$16.89,$5.13,-69.82%
Verve Therapeutics,VERV,Health Care,6/17/2021,14,$19.00,$31.92,$15.39,-19.00%
Convey Holding (Convey Health Solutions),CNVY,Consumer Services,6/16/2021,13.3,$14.00,$13.00,$5.09,-63.64%
MOLECULAR PARTNERS AG,MOLN,Health Care,6/16/2021,3,$21.25,$0.00,$8.70,-59.06%
WalkMe Ltd.,WKME,Technology,6/16/2021,9.3,$31.00,$28.85,$16.10,-48.06%
Alzamend Neuro,ALZN,Health Care,6/15/2021,2.5,$5.00,$13.50,$1.02,-79.60%
"Janux Therapeutics, Inc.",JANX,Health Care,6/11/2021,11.4,$17.00,$25.15,$9.84,-42.12%
Kanzhun Ltd.,BZ,Technology,6/11/2021,48,$19.00,$37.20,$20.85,9.74%
"TaskUs, Inc.",TASK,Technology,6/11/2021,13.2,$23.00,$31.09,$28.89,25.61%
"1stdibs.com, Inc.",DIBS,Consumer Goods,6/10/2021,5.8,$20.00,$28.50,$7.56,-62.20%
"LifeStance Health Group, Inc.",LFST,Health Care,6/10/2021,40,$18.00,$21.90,$6.77,-62.39%
monday.com Ltd.,MNDY,Technology,6/10/2021,3.7,$155.00,$178.87,$132.88,-14.27%
Zeta Global Holdings,ZETA,Technology,6/10/2021,21.5,$10.00,$8.89,$10.83,8.30%
"Marqeta, Inc.",MQ,Technology,6/9/2021,45.5,$27.00,$30.52,$9.30,-65.56%
Zhangmen Education Inc.,ZME,Consumer Services,6/8/2021,3.6,$11.50,$16.99,$0.85,-92.61%
DLocal Limited,DLO,Technology,6/3/2021,29.4,$21.00,$32.39,$23.65,12.62%
Centessa Pharmaceuticals plc,CNTA,Health Care,5/28/2021,16.5,$20.00,$21.75,$8.72,-56.40%
Day One Biopharmaceuticals Holding Co,DAWN,Health Care,5/27/2021,10,$16.00,$25.89,$8.52,-46.75%
"FIGS, Inc.",FIGS,Consumer Goods,5/27/2021,26.4,$22.00,$30.02,$15.66,-28.82%
Singular Genomics Systems,OMIC,Health Care,5/27/2021,10.2,$22.00,$25.72,$4.49,-79.59%
Dynamics Special Purpose Corp.,DYNS,Blank Check,5/26/2021,20,$10.00,$9.98,$9.90,-1.00%
Flywire Corp,FLYW,Technology,5/26/2021,10.4,$24.00,$35.10,$30.51,27.13%
"Paymentus Holdings, Inc.",PAY,Technology,5/26/2021,10,$21.00,$28.61,$16.56,-21.14%
ZipRecruiter,ZIP,Technology,5/26/2021,86.6,$20.00,$21.10,$22.51,12.55%
Fifth Wall Acquisition Corp. III,FWAC,Blank Check,5/25/2021,25,$10.00,$10.00,$9.74,-2.60%
Oatly Group AB,OTLY,Consumer Goods,5/20/2021,84.4,$17.00,$20.20,$3.56,-79.06%
Procore Technologies,PCOR,Technology,5/20/2021,9.5,$67.00,$88.00,$55.47,-17.21%
"Squarespace, Inc.",SQSP,Technology,5/19/2021,40.4,$50.00,$43.65,$19.97,-60.06%
"Vera Therapeutics, Inc.",VERA,Health Care,5/14/2021,4.4,$11.00,$11.50,$20.00,81.82%
Global-E Online Ltd.,GLBE,Technology,5/12/2021,15,$25.00,$25.50,$23.94,-4.24%
iPower Inc.,IPW,Consumer Goods,5/12/2021,3.4,$5.00,$5.74,$1.29,-74.20%
SimilarWeb Ltd.,SMWB,Technology,5/12/2021,8,$22.00,$21.87,$13.48,-38.73%
Flora Growth,FLGC,Health Care,5/11/2021,3.3,$5.00,$4.79,$1.44,-71.20%
"Anebulo Pharmaceuticals, Inc.",ANEB,Health Care,5/7/2021,3,$7.00,$7.10,$4.02,-42.57%
Bowman Consulting Group Ltd.,BWMN,Other,5/7/2021,3.7,$14.00,$14.00,$16.69,19.21%
Onion Global Limited,OG,Consumer Goods,5/7/2021,9.3,$7.25,$7.00,$1.38,-80.97%
Talaris Therapeutics,TALS,Health Care,5/7/2021,8.8,$17.00,$16.25,$7.06,-58.47%
Waterdrop Inc.,WDH,Financials,5/7/2021,30,$12.00,$9.70,$1.53,-87.25%
Valneva SE,VALN,Health Care,5/6/2021,3.5,$26.41,$28.35,$26.23,-0.68%
Five Star Bancorp,FSBC,Financials,5/5/2021,5.3,$20.00,$24.25,$24.95,24.75%
"The Honest Company, Inc.",HNST,Consumer Goods,5/5/2021,25.8,$16.00,$23.00,$4.07,-74.56%
NeuroPace Inc.,NPCE,Health Care,4/22/2021,6,$17.00,$0.00,$0.00,0.00%
"Zymergen, Inc.",ZY,Consumer Services,4/22/2021,16.3,$31.00,$0.00,$0.00,0.00%
"DoubleVerify Holdings, Inc.",DV,Technology,4/21/2021,13.3,$27.00,$36.00,$36.00,33.33%
"SkyWater Technology, Inc.",SKYT,Technology,4/21/2021,7,$14.00,$17.74,$17.74,26.71%
"UiPath, Inc.",PATH,Technology,4/21/2021,23.9,$56.00,$69.00,$69.00,23.21%
"Infobird Co., Ltd",IFBD,Technology,4/20/2021,6.3,$4.00,$6.03,$4.74,18.50%
"Akoya Biosciences, Inc.",AKYA,Health Care,4/16/2021,6.6,$20.00,$26.05,$23.97,19.85%
Biomea Fusion,BMEA,Health Care,4/16/2021,9,$17.00,$18.60,$17.46,2.71%
Recursion Pharmaceuticals,RXRX,Health Care,4/16/2021,24.2,$18.00,$31.30,$32.55,80.83%
"agilon health, inc.",AGL,Health Care,4/15/2021,46.6,$23.00,$31.00,$32.50,41.30%
AppLovin Corporation,APP,Technology,4/15/2021,25,$80.00,$65.20,$61.81,-22.74%
"Esports Technologies, Inc.",EBET,Consumer Services,4/15/2021,2.4,$6.00,$36.42,$22.50,275.00%
Karat Packaging Inc.,KRT,Industrials,4/15/2021,4,$16.00,$18.56,$18.00,12.50%
TuSimple Holdings Inc.,TSP,Technology,4/15/2021,33.8,$40.00,$40.25,$38.00,-5.00%
"Alkami Technology, Inc.",ALKT,Technology,4/14/2021,6,$30.00,$43.00,$42.05,40.17%
"Coinbase Global, Inc.",COIN,Consumer Services,4/14/2021,114.9,$381.00,$328.28,$311.92,-18.13%
TCV Acquisition Corp.,TCVA,Blank Check,4/14/2021,35,$10.00,$10.60,$10.49,4.90%
TPG Pace Beneficial II Corp.,YTPG,Blank Check,4/14/2021,35,$10.00,$10.11,$10.16,1.60%
Reneo Pharmaceuticals,RPHM,Health Care,4/9/2021,6.3,$15.00,$13.89,$12.80,-14.67%
TPG Pace Solutions Corp.,TPGS,Blank Check,4/9/2021,25,$10.00,$10.11,$10.13,1.30%
VectivBio Holding AG,VECT,Health Care,4/9/2021,7.5,$17.00,$24.23,$15.32,-9.88%
Panacea Acquisition Corp. II,PANA,Blank Check,4/7/2021,15,$10.00,$10.00,$10.05,0.50%
UTime Limited,UTME,Technology,4/6/2021,3.8,$4.00,$39.00,$38.20,855.00%
"Compass, Inc.",COMP,Technology,4/1/2021,25,$18.00,$20.15,$17.22,-4.33%
"Frontier Group Holdings, Inc.",ULCC,Consumer Services,4/1/2021,30,$19.00,$18.85,$19.33,1.74%
Karooooo Ltd. (Cartrack),KARO,Technology,4/1/2021,1.1,$28.00,$33.99,$32.55,16.25%
Smart Share Global Limited,EM,Technology,4/1/2021,17.7,$8.50,$8.54,$8.54,0.47%
Achilles Therapeutics plc,ACHL,Health Care,3/31/2021,9.8,$18.00,$16.55,$16.00,-11.11%
"Coursera, Inc.",COUR,Technology,3/31/2021,15.7,$33.00,$45.00,$41.00,24.24%
"Alignment Healthcare, Inc.",ALHC,Health Care,3/26/2021,27.2,$18.00,$17.31,$23.02,27.89%
"Design Therapeutics, Inc.",DSGN,Health Care,3/26/2021,12,$20.00,$41.49,$21.35,6.75%
Edgewise Therapeutics,EWTX,Health Care,3/26/2021,11,$16.00,$30.00,$26.71,66.94%
Hywin Holdings Ltd.,HYW,Financials,3/26/2021,3,$10.00,$9.90,$6.40,-36.00%
"Ikena Oncology, Inc. (formerly KYN Therapeutics)",IKNA,Health Care,3/26/2021,7.8,$16.00,$32.00,$18.39,14.94%
ThredUp Inc.,TDUP,Consumer Goods,3/26/2021,12,$14.00,$20.00,$16.65,18.93%
Zhihu Inc.,ZH,Consumer Services,3/26/2021,55,$9.50,$8.50,$9.60,1.05%
"Cricut, Inc.",CRCT,Industrials,3/25/2021,15.3,$20.00,$17.80,$20.35,1.75%
"Diversey Holdings, Ltd.",DSEY,Other,3/25/2021,46.2,$15.00,$14.98,$15.00,0.00%
LAVA Therapeutics BV,LVTX,Health Care,3/25/2021,6.7,$15.00,$14.30,$13.61,-9.27%
Olink Holding AB,OLK,Health Care,3/25/2021,17.7,$20.00,$36.00,$37.08,85.40%
"SEMrush Holdings, Inc.",SEMR,Technology,3/25/2021,10,$14.00,$11.22,$15.67,11.93%
Vizio Holding Corp.,VZIO,Consumer Goods,3/25/2021,12.3,$21.00,$19.10,$23.07,9.86%
ACV Auctions Inc.,ACVA,Other,3/24/2021,16.6,$25.00,$31.25,$33.41,33.64%
"DigitalOcean Holdings, Inc.",DOCN,Technology,3/24/2021,16.5,$47.00,$42.50,$41.63,-11.43%
Khosla Ventures Acquisition Co. II,KVSB,Blank Check,3/24/2021,40,$10.00,$10.00,$10.10,1.00%
Khosla Ventures Acquisition Co. III,KVSC,Blank Check,3/24/2021,50,$10.00,$9.75,$10.07,0.70%
Dragoneer Growth Opportunities Corp. III,DGNU,Blank Check,3/23/2021,40,$10.00,$10.00,$10.16,1.60%
Movano Inc.,MOVE,Health Care,3/23/2021,8.5,$5.00,$6.60,$5.24,4.80%
Supernova Partners Acquisition Company III,STRE.U,Blank Check,3/23/2021,25,$10.00,$10.00,$10.01,0.10%
Universe Pharmaceuticals,UPC,Health Care,3/23/2021,5,$5.00,$4.75,$3.44,-31.20%
"AFC Gamma, Inc.",AFCG,Financials,3/19/2021,6.3,$19.00,$23.00,$21.04,10.74%
Connect Biopharma Holdings Ltd.,CNTB,Health Care,3/19/2021,11.3,$17.00,$18.49,$17.08,0.47%
"Finch Therapeutics Group, Inc.",FNCH,Health Care,3/19/2021,7.5,$17.00,$21.32,$13.97,-17.82%
"Instil Bio, Inc.",TIL,Health Care,3/19/2021,16,$20.00,$26.44,$18.81,-5.95%
"Duckhorn Portfolio, Inc.",NAPA,Consumer Goods,3/18/2021,20,$15.00,$17.18,$18.35,22.33%
"Gain Therapeutics, Inc.",GANX,Health Care,3/18/2021,3.6,$11.00,$11.20,$13.50,22.73%
Research Alliance Corp. II,RACB,Blank Check,3/18/2021,13,$10.00,$10.21,$11.00,10.00%
Tuya Inc.,TUYA,Technology,3/18/2021,43.6,$21.00,$25.00,$17.77,-15.38%
Jowell Global Ltd.,JWEL,Consumer Goods,3/17/2021,3.7,$7.00,$8.71,$7.55,7.86%
"Olo, Inc.",OLO,Technology,3/17/2021,18,$25.00,$34.75,$27.22,8.88%
"Sun Country Airlines Holdings, Inc.",SNCY,Consumer Services,3/17/2021,9.1,$24.00,$36.38,$42.49,77.04%
"Hayward Holdings, Inc.",HAYW,Consumer Goods,3/12/2021,40.3,$17.00,$17.00,$16.64,-2.12%
JOANN Inc.,JOAN,Consumer Goods,3/12/2021,10.9,$12.00,$12.25,$11.39,-5.08%
MeaTech 3D Ltd.,MITC,Technology,3/12/2021,2.4,$10.30,$10.00,$8.20,-20.39%
Prometheus Biosciences,RXDX,Health Care,3/12/2021,10,$19.00,$25.29,$26.40,38.95%
Coupang,CPNG,Consumer Goods,3/11/2021,130,$35.00,$49.25,$42.62,21.77%
"First High-School Education Group Co., Ltd.",FHS,Consumer Services,3/11/2021,7.5,$10.00,$8.80,$6.29,-37.10%
Roblox Corporation,RBLX,Technology,3/10/2021,198.9,$45.00,$69.88,$71.76,59.47%
Vector Acquisition Corporation II,VAQC,Blank Check,3/10/2021,45,$10.00,$10.00,$9.92,-0.80%
SVF Investment Corp. 2,SVFB,Blank Check,3/9/2021,20,$10.00,$10.33,$10.23,2.30%
SVF Investment Corp. 3,SVFC,Blank Check,3/9/2021,28,$10.00,$0.00,$10.20,2.00%
two,TWOA,Blank Check,3/7/2021,20,$10.00,$9.85,$9.93,-0.70%
Lerer Hippeau Acquisition Corp.,LHAA,Blank Check,3/5/2021,20,$10.00,$10.02,$9.93,-0.70%
InnovAge Holding Corp.,INNV,Health Care,3/4/2021,16.7,$21.00,$24.20,$23.99,14.24%
Khosla Ventures Acquisition Co.,KVSA,Blank Check,3/4/2021,30,$10.00,$10.25,$10.37,3.70%
"Oscar Health, Inc.",OSCR,Health Care,3/3/2021,37,$39.00,$34.80,$22.81,-41.51%
ARYA Sciences Acquisition Corp IV,ARYD,Blank Check,2/26/2021,13,$10.00,$11.13,$10.85,8.50%
Score Media & Gaming Inc.,SCR,Technology,2/25/2021,6,$27.00,$30.88,$18.04,-33.19%
BriaCell Therapeutics Corp.,BCTX,Health Care,2/24/2021,5.9,$4.25,$0.00,$2.89,-32.00%
ABG Acquisition Corp. I,ABGI,Blank Check,2/17/2021,13.1,$10.00,$10.34,$9.95,-0.50%
"Virpax Pharmaceuticals, Inc.",VRPX,Health Care,2/17/2021,1.8,$10.00,$6.53,$4.09,-59.10%
Decibel Therapeutics,DBTX,Health Care,2/12/2021,7.1,$18.00,$18.03,$10.05,-44.17%
Longeveron LLC,LGVN,Health Care,2/12/2021,2.7,$10.00,$7.41,$6.02,-39.80%
NexImmune,NEXI,Health Care,2/12/2021,6.5,$17.00,$25.33,$18.49,8.76%
Talis Biomedical Corporation,TLIS,Health Care,2/12/2021,13.8,$16.00,$27.80,$12.13,-24.19%
"urban-gro, Inc.",UGRO,Industrials,2/12/2021,5.4,$10.00,$12.30,$7.90,-21.00%
"Apria, Inc.",APR,Health Care,2/11/2021,7.5,$20.00,$23.36,$28.25,41.25%
Bioventus Inc.,BVS,Health Care,2/11/2021,8,$13.00,$19.21,$14.74,13.38%
Bumble Inc.,BMBL,Technology,2/11/2021,50,$43.00,$70.31,$57.55,33.84%
loanDepot,LDI,Financials,2/11/2021,3.9,$14.00,$22.00,$18.87,34.79%
"Signify Health, Inc.",SGFY,Health Care,2/11/2021,23.5,$24.00,$31.56,$25.89,7.88%
Biophytis S.A.,BPTS,Health Care,2/10/2021,1.2,$16.75,$16.50,$12.62,-24.66%
Vallon Pharmaceuticals,VLON,Health Care,2/10/2021,2.3,$8.00,$7.52,$4.32,-46.00%
Viant Technology Inc.,DSP,Technology,2/10/2021,10,$25.00,$0.00,$33.35,33.40%
Adagene Inc.,ADAG,Health Care,2/9/2021,7.4,$19.00,$29.99,$13.60,-28.42%
Cloopen Group Holding Limited,RAAS,Technology,2/9/2021,20,$16.00,$48.00,$10.19,-36.31%
Global Internet of People,SDH,Consumer Services,2/9/2021,6.7,$4.00,$5.32,$3.15,-21.25%
Baosheng Media Group Holdings,BAOS,Consumer Services,2/8/2021,6,$5.00,$8.86,$4.23,-15.40%
Angion Biomedica,ANGN,Health Care,2/5/2021,5,$16.00,$17.02,$13.56,-15.25%
Bolt Biotherapeutics,BOLT,Health Care,2/5/2021,11.5,$20.00,$32.15,$24.34,21.70%
CN Energy Group,CNEY,Industrials,2/5/2021,5,$4.00,$5.74,$4.45,11.25%
Evaxion Biotech A/S,EVAX,Health Care,2/5/2021,3,$10.00,$9.89,$7.16,-28.40%
Fifth Wall Acquisition Corp. I,FWAA,Blank Check,2/5/2021,30,$10.00,$11.10,$10.23,2.30%
Immunocore Holdings Limited,IMCR,Health Care,2/5/2021,9.9,$26.00,$43.20,$37.30,43.46%
"Lucira Health, Inc.",LHDX,Health Care,2/5/2021,9,$17.00,$24.98,$6.66,-60.82%
Pharvaris B.V.,PHVS,Health Care,2/5/2021,8.3,$20.00,$29.00,$23.00,15.00%
"Terns Pharmaceuticals, Inc.",TERN,Health Care,2/5/2021,7.5,$17.00,$18.39,$16.78,-1.29%
Vor Biopharma Inc.,VOR,Health Care,2/5/2021,9.8,$18.00,$37.50,$27.25,51.39%
Atotech Limited,ATC,Basic Materials,2/4/2021,29.3,$17.00,$19.25,$21.92,28.94%
"Landos Biopharma, Inc.",LABP,Health Care,2/4/2021,6.3,$16.00,$12.00,$10.06,-37.13%
"Sana Biotechnology, Inc.",SANA,Health Care,2/4/2021,23.5,$25.00,$35.10,$24.10,-3.60%
Sensei Biotherapeutics,SNSE,Health Care,2/4/2021,7,$19.00,$18.90,$12.98,-31.68%
"ON24, INC.",ONTF,Technology,2/3/2021,8.6,$50.00,$70.82,$40.46,-19.08%
TELUS International (Cda) Inc.,TIXT,Technology,2/3/2021,37,$25.00,$30.40,$28.39,13.56%
Home Point Capital Inc.,HMPT,Financials,1/29/2021,7.3,$13.00,$11.32,$9.74,-25.08%
Trinity Capital Inc.,TRIN,Financials,1/29/2021,7.4,$14.00,$15.00,$14.69,4.93%
Agrify,AGFY,Consumer Goods,1/28/2021,5.4,$10.00,$12.74,$9.80,-2.00%
Ortho Clinical Diagnostics Holdings plc,OCDX,Health Care,1/28/2021,76,$17.00,$16.10,$20.00,17.65%
Qualtrics International,XM,Technology,1/28/2021,51.7,$30.00,$45.50,$33.84,12.80%
Vinci Partners Investments Ltd.,VINP,Financials,1/28/2021,13.9,$18.00,$16.90,$11.59,-35.61%
ZIM Integrated Shipping Services Ltd.,ZIM,Industrials,1/28/2021,14.5,$15.00,$11.50,$28.73,91.53%
HealthCor Catalio Acquisition Corp.,HCAQ,Blank Check,1/27/2021,18,$10.00,$10.01,$9.93,-0.70%
Shoals Technologies Group,SHLS,Technology,1/27/2021,77,$25.00,$30.98,$33.91,35.64%
TIAN RUIXIANG Holdings,TIRX,Financials,1/27/2021,3,$4.00,$25.50,$12.52,213.00%
Bridgetown 2 Holdings Ltd.,BTNB,Blank Check,1/26/2021,26,$10.00,$13.00,$10.23,2.30%
EZGO Technologies Ltd.,EZGO,Consumer Goods,1/26/2021,2.8,$4.00,$18.11,$5.96,49.00%
"Huadi International Group Co., Ltd.",HUDI,Basic Materials,1/22/2021,3.1,$8.00,$7.13,$4.20,-47.50%
Montauk Renewables,MNTK,Oil & Gas,1/22/2021,3,$8.50,$11.73,$9.00,5.88%
Patria Investments Ltd.,PAX,Industrials,1/22/2021,30.1,$17.00,$19.90,$15.04,-11.53%
RLX Technology,RLX,Consumer Goods,1/22/2021,116.5,$12.00,$29.51,$9.08,-24.33%
Dream Finders Homes,DFH,Consumer Goods,1/21/2021,9.6,$13.00,$20.95,$22.14,70.31%
MYT Netherlands Parent B.V.,MYTE,Consumer Goods,1/21/2021,15.7,$26.00,$31.00,$28.37,9.12%
Driven Brands Holdings,DRVN,Consumer Services,1/15/2021,31.8,$22.00,$26.69,$25.00,13.64%
Playtika Holding Corp.,PLTK,Technology,1/15/2021,69.5,$27.00,$31.62,$26.68,-1.19%
Thoma Bravo Advantage,TBA.U,Blank Check,1/15/2021,90,$10.00,$11.76,$11.76,18.30%
"Petco Health and Wellness Company, Inc.",WOOF,Consumer Goods,1/14/2021,48,$18.00,$29.40,$23.74,31.89%
"Poshmark, Inc.",POSH,Consumer Goods,1/14/2021,6.6,$42.00,$101.50,$38.75,-7.74%
Affirm Holdings,AFRM,Consumer Services,1/13/2021,24.6,$49.00,$97.24,$65.00,32.65%
Motorsport Games,MSGM,Technology,1/13/2021,3,$20.00,$35.00,$19.22,-3.90%
Kuke Music Holding Limited,KUKE,Consumer Services,1/12/2021,5,$10.00,$10.10,$6.15,-38.50%
Qilian International Holding Group,QLI,Health Care,1/12/2021,5,$5.00,$10.00,$4.26,-14.80%
Cullinan Management (Cullinan Oncology),CGEM,Health Care,1/8/2021,11.9,$21.00,$29.91,$33.84,61.14%
Gracell Biotechnologies Inc.,GRCL,Health Care,1/8/2021,11,$19.00,$25.06,$12.69,-33.21%
Omega Alpha SPAC,OMEG,Blank Check,1/7/2021,12,$10.00,$10.36,$10.04,0.40%
"MEDIROM Healthcare Technologies, Inc.",MRM,Consumer Services,12/29/2020,0.8,$15.00,$15.11,$9.00,-40.00%
Inhibikase Therapeutics,IKT,Health Care,12/23/2020,1.8,$10.00,$9.90,$5.03,-49.70%
908 Devices Inc.,MASS,Health Care,12/18/2020,6.5,$20.00,$49.00,$51.03,155.15%
Midwest Holding,MDWT,Financials,12/17/2020,1,$70.00,$56.25,$45.80,-34.57%
Virios Therapeutics,VIRI,Health Care,12/17/2020,3,$10.00,$16.71,$5.17,-48.30%
"BioAtla, Inc.",BCAB,Health Care,12/16/2020,10.5,$18.00,$31.02,$48.52,169.56%
ContextLogic Inc. (Wish),WISH,Consumer Goods,12/16/2020,46,$24.00,$20.05,$12.07,-49.71%
Upstart Holdings,UPST,Financials,12/16/2020,12,$20.00,$29.47,$100.61,403.05%
Oriental Culture Holding LTD.,OCG,Consumer Services,12/15/2020,5.1,$4.00,$6.00,$5.45,36.25%
Wunong Net Technology Company Limited,WNW,Consumer Services,12/15/2020,6,$5.00,$12.05,$8.21,64.20%
4D Molecular Therapeutics,FDMT,Health Care,12/11/2020,8.4,$23.00,$40.50,$31.93,38.83%
AbCellera Biologics,ABCL,Health Care,12/11/2020,24.2,$20.00,$58.90,$29.06,45.30%
Certara,CERT,Technology,12/11/2020,29.1,$23.00,$38.09,$27.33,18.83%
Vivos Therapeutics,VVOS,Health Care,12/11/2020,3.5,$6.00,$8.99,$7.67,27.83%
"Airbnb, Inc.",ABNB,Consumer Services,12/10/2020,51.6,$68.00,$144.71,$167.07,145.69%
"Hydrofarm Holdings Group, Inc.",HYFM,Consumer Goods,12/10/2020,8.7,$20.00,$51.99,$59.54,197.70%
C3.ai,AI,Technology,12/9/2020,15.5,$42.00,$92.49,$66.51,58.36%
"DoorDash, Inc.",DASH,Consumer Services,12/9/2020,33,$102.00,$189.51,$144.35,41.52%
PubMatic,PUBM,Technology,12/9/2020,5.9,$20.00,$29.45,$46.62,133.10%
17 Education & Technology Group,YQ,Consumer Services,12/4/2020,27.4,$10.50,$10.58,$6.23,-40.67%
"Seer, Inc.",SEER,Health Care,12/4/2020,9.2,$19.00,$56.46,$50.65,166.58%
"Sigilon Therapeutics, Inc.",SGTX,Health Care,12/4/2020,7,$18.00,$34.78,$16.00,-11.11%
"Silverback Therapeutics, Inc.",SBTX,Health Care,12/4/2020,11.5,$21.00,$0.00,$38.13,81.57%
Kinnate BioPharma Inc.,KNTE,Health Care,12/3/2020,12,$20.00,$39.03,$26.91,34.55%
HF Enterprises,HFEN,Financials,11/24/2020,2.2,$7.00,$6.98,$6.15,-12.14%
Ozon Holdings PLC,OZON,Consumer Goods,11/24/2020,33,$30.00,$40.18,$59.88,99.60%
Vision Marine Technologies,VMAR,Consumer Goods,11/24/2020,2.4,$10.00,$14.44,$6.07,-39.30%
Maravai LifeSciences Holdings,MRVI,Health Care,11/20/2020,60,$27.00,$29.85,$35.49,31.44%
Sotera Health Company,SHC,Health Care,11/20/2020,46.6,$23.00,$0.00,$25.29,9.96%
NeoGames S.A.,NGMS,Consumer Services,11/19/2020,4.8,$17.00,$21.87,$38.18,124.59%
Olema Pharmaceuticals,OLMA,Health Care,11/19/2020,11,$19.00,$49.00,$33.55,76.58%
Yatsen Holding Limited,YSG,Consumer Goods,11/19/2020,58.8,$10.50,$18.40,$9.80,-6.67%
Atea Pharmaceuticals,AVIR,Health Care,10/30/2020,12.5,$24.00,$30.34,$42.34,76.42%
Lufax Holding Ltd,LU,Financials,10/30/2020,175,$13.50,$12.85,$13.17,-2.44%
SQZ Biotechnologies,SQZ,Health Care,10/30/2020,4.4,$16.00,$13.25,$12.69,-20.69%
Allegro MicroSystems,ALGM,Technology,10/29/2020,25,$14.00,$17.70,$26.09,86.36%
Galecto,GLTO,Health Care,10/29/2020,5.7,$15.00,$15.00,$5.70,-62.00%
Leslie’s,LESL,Consumer Goods,10/29/2020,40,$17.00,$21.70,$25.46,49.76%
Biodesix,BDSX,Health Care,10/28/2020,4,$18.00,$12.81,$17.78,-1.22%
Gatos Silver,GATO,Basic Materials,10/28/2020,21.4,$7.00,$6.60,$9.98,42.57%
"MediaAlpha, Inc.",MAX,Financials,10/28/2020,9.3,$19.00,$31.86,$32.96,73.47%
"ROOT, INC.",ROOT,Financials,10/28/2020,26.8,$27.00,$27.00,$9.90,-63.33%
Foghorn Therapeutics Inc.,FHTX,Health Care,10/23/2020,7.5,$16.00,$18.12,$11.98,-25.13%
Abcam plc,ABCM,Health Care,10/22/2020,9,$17.50,$19.75,$20.32,16.11%
BCLS Acquisition Corp.,BLSA,Blank Check,10/22/2020,12.5,$10.00,$10.18,$10.32,3.20%
Guild Holdings Company,GHLD,Financials,10/22/2020,6.5,$15.00,$15.00,$13.60,-9.33%
McAfee Corp.,MCFE,Technology,10/22/2020,37,$20.00,$18.70,$24.67,23.35%
Datto Holding Corp.,MSP,Technology,10/21/2020,22,$27.00,$27.10,$23.83,-11.74%
MingZhu Logistics Holdings,YGMZ,Consumer Services,10/21/2020,3,$4.00,$4.25,$4.08,2.00%
HELIX ACQUISITION CORP.,HLXA,Blank Check,10/20/2020,10,$10.00,$10.49,$10.06,0.60%
"Aligos Therapeutics, Inc.",ALGS,Health Care,10/16/2020,10,$15.00,$14.85,$23.23,54.87%
"Eargo, Inc.",EAR,Health Care,10/16/2020,7.9,$18.00,$33.68,$48.04,166.89%
Kiromic Biopharma,KRBP,Health Care,10/16/2020,1.3,$12.00,$11.50,$8.70,-27.50%
"PRAXIS PRECISION MEDICINES, INC.",PRAX,Health Care,10/16/2020,10,$19.00,$27.80,$29.55,55.53%
"TARSUS PHARMACEUTICALS, INC.",TARS,Health Care,10/16/2020,5.5,$16.00,$20.58,$29.45,84.06%
"ARRAY TECHNOLOGIES, INC.",ARRY,Industrials,10/15/2020,47.5,$22.00,$36.45,$26.23,19.23%
MINISO Group Holding Limited,MNSO,Consumer Goods,10/15/2020,30.4,$20.00,$20.88,$23.98,19.90%
"Codiak BioSciences, Inc.",CDAK,Health Care,10/14/2020,5.5,$15.00,$12.12,$11.72,-21.87%
iHuman Inc.,IH,Consumer Services,10/9/2020,7,$12.00,$16.00,$12.16,1.33%
"Kronos Bio, Inc.",KRON,Health Care,10/9/2020,13.2,$19.00,$27.07,$20.08,5.68%
"Spruce Biosciences, Inc.",SPRB,Health Care,10/9/2020,6,$15.00,$17.00,$15.87,5.80%
"AZIYO BIOLOGICS, INC.",AZYO,Health Care,10/8/2020,2.9,$17.00,$14.50,$12.99,-23.59%
"fuboTV Inc. (formerly FaceBank Group, Inc.)",FUBO,Consumer Services,10/8/2020,18.3,$10.00,$10.58,$19.71,97.10%
Presidio Property Trust,SQFT,Financials,10/7/2020,0.5,$5.00,$4.60,$3.19,-36.20%
Academy Sports + Outdoors,ASO,Consumer Goods,10/2/2020,15.6,$13.00,$12.99,$31.14,139.54%
"C4 Therapeutics, Inc.",CCCC,Health Care,10/2/2020,9.6,$19.00,$25.49,$30.39,59.95%
"IMMUNOME, INC.",IMNM,Health Care,10/2/2020,3.3,$12.00,$13.45,$25.11,109.25%
"Oncorus, Inc.",ONCR,Health Care,10/2/2020,5.8,$15.00,$16.00,$13.89,-7.40%
"Lixiang Education Holding Co., Ltd.",LXEH,Consumer Services,10/1/2020,3.3,$9.25,$7.50,$8.90,-3.78%
"Mission Produce, Inc.",AVO,Consumer Goods,10/1/2020,8,$12.00,$13.80,$19.60,63.33%
Pulmonx Corp.,LUNG,Health Care,10/1/2020,10,$19.00,$39.31,$42.08,121.47%
"Thryv Holdings, Inc.",THRY,Consumer Services,10/1/2020,26.7,$10.17,$11.08,$25.54,151.13%
Boqii Holding Limited,BQ,Consumer Goods,9/30/2020,7,$10.00,$7.20,$4.30,-57.00%
Chindata Group Holdings Limited,CD,Technology,9/30/2020,40,$13.50,$16.23,$14.18,5.04%
Palantir Technologies,PLTR,Technology,9/30/2020,257.1,$7.25,$9.50,$22.63,212.14%
Yalla Group Limited,YALA,Technology,9/30/2020,18.6,$7.50,$7.00,$22.50,200.00%
Orphazyme A/S,ORPH,Health Care,9/29/2020,7.6,$11.00,$9.71,$9.52,-13.45%
Amesite,AMST,Technology,9/25/2020,3,$5.00,$5.22,$2.71,-45.80%
Graybug Vision,GRAY,Health Care,9/25/2020,5.6,$16.00,$16.50,$4.71,-70.56%
Greenwich LifeSciences,GLSI,Health Care,9/25/2020,1.3,$5.75,$5.00,$32.02,456.87%
PMV Pharmaceuticals,PMVP,Health Care,9/25/2020,11.8,$18.00,$37.51,$31.26,73.67%
Prelude Therapeutics,PRLD,Health Care,9/25/2020,8.3,$19.00,$26.20,$33.22,74.84%
VIA optronics AG,VIAO,Technology,9/25/2020,6.3,$15.00,$10.18,$13.50,-10.00%
"Taysha Gene Therapies, Inc.",TSHA,Health Care,9/24/2020,7.9,$20.00,$24.06,$24.32,21.60%
Bentley Systems,BSY,Technology,9/23/2020,10.8,$22.00,$33.49,$50.94,131.55%
Corsair Gaming,CRSR,Technology,9/23/2020,14,$17.00,$14.25,$32.86,93.29%
GoodRx Holdings,GDRX,Technology,9/23/2020,34.6,$33.00,$50.50,$38.64,17.09%
"Laird Superfood, Inc.",LSF,Consumer Goods,9/23/2020,2.7,$22.00,$40.80,$34.25,55.68%
Athira Pharma,ATHA,Health Care,9/18/2020,12,$17.00,$17.11,$17.42,2.47%
COMPASS Pathways plc,CMPS,Health Care,9/18/2020,7.5,$17.00,$29.00,$32.29,89.94%
Unity Software Inc.,U,Technology,9/18/2020,25,$52.00,$68.35,$97.40,87.31%
Vitru Ltd.,VTRU,Consumer Services,9/18/2020,6,$16.00,$16.00,$12.95,-19.06%
American Well Corp.,AMWL,Health Care,9/17/2020,41.2,$18.00,$23.95,$17.31,-3.83%
Broadstone Net Lease,BNL,Financials,9/17/2020,33.5,$17.00,$16.11,$19.30,13.53%
Pactiv Evergreen,PTVE,Consumer Goods,9/17/2020,41,$14.00,$10.93,$13.63,-2.64%
"Sumo Logic, Inc.",SUMO,Technology,9/17/2020,14.8,$22.00,$26.88,$17.84,-18.91%
JFrog Ltd.,FROG,Technology,9/16/2020,11.6,$44.00,$64.79,$47.76,8.55%
Snowflake,SNOW,Technology,9/16/2020,28,$120.00,$253.93,$225.22,87.68%
"Applied UV, Inc.",AUVI,Consumer Goods,8/31/2020,1,$5.00,$11.60,$9.65,93.00%
Harbor Custom Development,HCDI,Financials,8/28/2020,1.8,$6.00,$7.50,$3.02,-49.67%
XPeng,XPEV,Consumer Goods,8/27/2020,99.7,$15.00,$21.22,$32.60,117.33%
Kymera Therapeutics,KYMR,Health Care,8/21/2020,8.7,$20.00,$33.26,$39.79,98.95%
Nano-X Imaging Ltd.,NNOX,Health Care,8/21/2020,9.2,$18.00,$21.70,$30.45,69.17%
Harmony Biosciences Holdings,HRMY,Health Care,8/19/2020,5.4,$24.00,$37.01,$28.00,16.67%
Inhibrx,INBX,Health Care,8/19/2020,7,$17.00,$20.63,$19.52,14.82%
CureVac B.V.,CVAC,Health Care,8/14/2020,13.3,$16.00,$55.90,$112.94,605.88%
Duck Creek Technologies,DCT,Technology,8/14/2020,15,$27.00,$40.00,$42.44,57.19%
NETSTREIT,NTST,Financials,8/13/2020,12.5,$18.00,$17.75,$20.88,16.00%
FS Development,FSDC,Blank Check,8/12/2020,10.5,$10.00,$10.30,$13.22,32.20%
ARYA Sciences Acquisition Corp III,ARYA,Blank Check,8/7/2020,13,$10.00,$10.44,$11.67,16.70%
Checkmate Pharmaceuticals,CMPI,Health Care,8/7/2020,5,$15.00,$14.00,$6.12,-59.20%
Freeline Therapeutics Holdings plc,FRLN,Health Care,8/7/2020,8.8,$18.00,$18.00,$12.24,-32.00%
IBEX Ltd.,IBEX,Technology,8/7/2020,4.8,$19.00,$15.40,$21.94,15.47%
Acutus Medical,AFIB,Health Care,8/6/2020,8.8,$18.00,$26.50,$12.91,-28.28%
Oak Street Health,OSH,Health Care,8/6/2020,15.6,$21.00,$40.00,$59.10,181.43%
Rocket Companies,RKT,Financials,8/6/2020,100,$18.00,$21.51,$21.67,20.39%
BigCommerce Holdings,BIGC,Technology,8/5/2020,9,$24.00,$72.27,$52.54,118.92%
Rackspace Technology,RXT,Consumer Services,8/5/2020,33.5,$21.00,$15.39,$24.99,19.00%
Health Sciences Acquisitions Corp 2,HSAQ,Blank Check,8/4/2020,13.9,$10.00,$11.40,$10.31,3.10%
1847 Goedeker,GOED,Consumer Goods,7/31/2020,1.1,$9.00,$8.90,$6.68,-25.78%
Fathom Holdings,FTHM,Financials,7/31/2020,3.4,$10.00,$10.03,$31.33,213.30%
Vasta Platform Limited,VSTA,Consumer Services,7/31/2020,18.6,$19.00,$18.85,$9.16,-51.79%
"Vital Farms, Inc.",VITL,Consumer Goods,7/31/2020,9.3,$22.00,$35.26,$25.26,14.82%
AlloVir,ALVR,Health Care,7/30/2020,16.3,$17.00,$25.39,$22.70,33.53%
Li Auto,LI,Consumer Goods,7/30/2020,95,$11.50,$16.46,$19.78,72.00%
Vertex,VERX,Technology,7/29/2020,21.2,$19.00,$23.93,$22.61,19.00%
Annexon,ANNX,Health Care,7/24/2020,14.8,$17.00,$17.76,$21.78,28.12%
Inozyme Pharma,INZY,Health Care,7/24/2020,7,$16.00,$17.54,$18.07,12.94%
iTeos Therapeutics,ITOS,Health Care,7/24/2020,10.6,$19.00,$19.05,$22.28,17.26%
Nurix Therapeutics,NRIX,Health Care,7/24/2020,11,$19.00,$19.01,$29.57,55.63%
Montrose Environmental Group,MEG,Consumer Services,7/23/2020,10,$15.00,$22.00,$54.18,261.20%
Skillful Craftsman Education Technology Ltd.,EDTK,Consumer Services,7/23/2020,3,$5.00,$4.75,$2.50,-50.00%
Jamf Holding,JAMF,Technology,7/22/2020,18,$26.00,$39.20,$35.02,34.69%
ALX Oncology Holdings,ALXO,Health Care,7/17/2020,8.5,$19.00,$30.00,$58.00,205.26%
Berkeley Lights,BLI,Health Care,7/17/2020,8.1,$22.00,$65.45,$48.02,118.27%
Pandion Therapeutics Holdco,PAND,Health Care,7/17/2020,7.5,$18.00,$18.10,$60.05,233.61%
Relay Therapeutics,RLAY,Health Care,7/16/2020,20,$20.00,$35.05,$34.41,72.05%
Trean Insurance Group,TIG,Financials,7/16/2020,10.7,$15.00,$15.51,$17.00,13.33%
GoHealth,GOCO,Financials,7/15/2020,43.5,$21.00,$19.13,$12.03,-42.71%
nCino,NCNO,Technology,7/14/2020,8.1,$31.00,$91.59,$67.05,116.29%
Nkarta,NKTX,Health Care,7/10/2020,14,$18.00,$47.90,$33.91,88.39%
Poseida Therapeutics,PSTX,Health Care,7/10/2020,14,$16.00,$15.35,$8.51,-46.81%
Quhuo Limited,QH,Consumer Services,7/10/2020,3.3,$10.00,$12.77,$4.74,-52.60%
BlueCity Holdings,BLCT,Technology,7/8/2020,5.3,$16.00,$23.43,$8.32,-48.00%
Therapeutics Acquisition,TXAC,Blank Check,7/8/2020,11.8,$10.00,$12.02,$13.30,33.00%
Accolade,ACCD,Consumer Services,7/2/2020,10,$22.00,$29.70,$44.35,101.59%
Lemonade,LMND,Financials,7/2/2020,11,$29.00,$69.41,$89.75,209.48%
Dun & Bradstreet Holdings,DNB,Consumer Services,7/1/2020,78.3,$22.00,$25.35,$23.45,6.59%
Agora,API,Technology,6/26/2020,17.5,$20.00,$50.50,$56.89,184.45%
Akouos,AKUS,Health Care,6/26/2020,12.5,$17.00,$22.00,$14.60,-14.12%
Albertsons Companies,ACI,Consumer Goods,6/26/2020,50,$16.00,$15.45,$19.53,22.06%
Ebang International Holdings,EBON,Technology,6/26/2020,19.3,$5.23,$5.00,$4.16,-20.46%
Fusion Pharmaceuticals,FUSN,Health Care,6/26/2020,12.5,$17.00,$17.00,$8.74,-48.59%
PolyPid,PYPD,Health Care,6/26/2020,3.8,$16.00,$19.00,$9.27,-42.06%
Forma Therapeutics Holdings,FMTX,Health Care,6/19/2020,13.9,$20.00,$39.00,$25.15,25.75%
Genetron Holdings,GTH,Health Care,6/19/2020,16,$16.00,$16.00,$20.19,26.19%
Progenity,PROG,Health Care,6/19/2020,6.7,$15.00,$13.12,$3.01,-79.93%
Repare Therapeutics,RPTX,Health Care,6/19/2020,11,$20.00,$30.80,$31.85,59.25%
Royalty Pharma plc,RPRX,Health Care,6/16/2020,77.7,$28.00,$44.50,$41.44,48.00%
Avidity Biosciences,RNA,Health Care,6/12/2020,14.4,$18.00,$28.50,$20.12,11.78%
AZEK Company (The),AZEK,Consumer Goods,6/12/2020,33.3,$23.00,$27.15,$47.23,105.35%
Burning Rock Biotech Ltd.,BNR,Health Care,6/12/2020,13.5,$16.50,$24.63,$29.03,75.94%
Generation Bio,GBIO,Health Care,6/12/2020,10.5,$19.00,$24.69,$31.54,66.00%
Vaxcyte,PCVX,Health Care,6/12/2020,15.6,$16.00,$26.15,$18.47,15.44%
Lantern Pharma,LTRN,Health Care,6/11/2020,1.8,$15.00,$14.95,$15.29,1.93%
uCloudlink Group,UCL,Telecommunications,6/10/2020,2,$18.00,$17.24,$9.97,-44.61%
Hudson Executive Investment,HECCU,Blank Check,6/9/2020,36,$10.00,$10.25,$10.49,4.90%
Vroom,VRM,Consumer Services,6/9/2020,21.3,$22.00,$47.90,$42.85,94.77%
Applied Molecular Transport,AMTI,Health Care,6/5/2020,11,$14.00,$17.98,$39.76,184.00%
Dada Nexus Limited,DADA,Technology,6/5/2020,20,$16.00,$15.99,$22.54,40.88%
Legend Biotech,LEGN,Health Care,6/5/2020,18.4,$23.00,$37.00,$26.72,16.17%
Shift4 Payments,FOUR,Consumer Services,6/5/2020,15,$23.00,$33.54,$94.64,311.48%
ZoomInfo Technologies,ZI,Technology,6/4/2020,44.5,$21.00,$34.00,$45.63,117.29%
Pliant Therapeutics,PLRX,Health Care,6/3/2020,9,$16.00,$21.30,$28.18,76.13%
Warner Music Group,WMG,Consumer Goods,6/3/2020,77,$25.00,$30.12,$36.05,44.20%
Inari Medical,NARI,Health Care,5/22/2020,8.2,$19.00,$42.51,$103.13,442.79%
SelectQuote,SLQT,Financials,5/21/2020,28.5,$20.00,$27.00,$29.22,46.10%
ADC Therapeutics SA,ADCT,Health Care,5/15/2020,12.3,$19.00,$29.65,$22.97,20.89%
Ayala Pharmaceuticals,AYLA,Health Care,5/8/2020,3.7,$15.00,$15.03,$10.51,-29.93%
China Liberal Education Holdings,CLEU,Consumer Services,5/8/2020,1.3,$6.00,$4.85,$3.43,-42.83%
Kingsoft Cloud Holdings,KC,Technology,5/8/2020,30,$17.00,$23.84,$44.15,159.71%
Lyra Therapeutics,LYRA,Health Care,5/1/2020,3.5,$16.00,$18.56,$10.77,-32.69%
ORIC Pharmaceuticals,ORIC,Health Care,4/24/2020,7.5,$16.00,$25.77,$21.02,31.38%
Keros Therapeutics,KROS,Health Care,4/8/2020,6,$16.00,$20.08,$34.30,114.38%
Zentalis Pharmaceuticals,ZNTL,Health Care,4/3/2020,9.2,$18.00,$23.20,$41.95,133.06%
WiMi Hologram Cloud,WIMI,Technology,4/1/2020,4.8,$5.50,$5.50,$3.52,-36.00%
IMARA Inc.,IMRA,Health Care,3/12/2020,4.7,$16.00,$15.00,$45.75,185.94%
GFL Environmental Holdings,GFL,Consumer Services,3/3/2020,75,$19.00,$16.80,$18.10,-4.74%
Passage BIO,PASG,Health Care,2/28/2020,12,$18.00,$22.20,$24.61,36.72%
ZHONGCHAO,ZCMD,Consumer Services,2/24/2020,3,$4.00,$4.00,$2.24,-44.00%
Muscle Maker,GRIL,Consumer Services,2/13/2020,1.5,$5.00,$3.86,$2.17,-56.60%
Revolution Medicines,RVMD,Health Care,2/13/2020,14,$17.00,$28.90,$36.08,112.24%
Huize Holding Ltd.,HUIZ,Financials,2/12/2020,5.3,$10.50,$10.00,$7.10,-32.38%
NexPoint Real Estate Finance,NREF,Financials,2/7/2020,5,$19.00,$18.80,$15.20,-20.00%
OneWater Marine,ONEW,Consumer Goods,2/7/2020,4.6,$12.00,$15.14,$20.83,73.58%
Beam Therapeutics,BEAM,Health Care,2/6/2020,10.6,$17.00,$18.75,$24.94,46.71%
Casper Sleep,CSPR,Consumer Goods,2/6/2020,8.4,$12.00,$13.50,$8.14,-32.17%
PPD,PPD,Health Care,2/6/2020,60,$27.00,$30.00,$25.65,-5.00%
Schrodinger,SDGR,Health Care,2/6/2020,11.9,$17.00,$28.64,$60.51,255.94%
1Life Healthcare,ONEM,Consumer Services,1/31/2020,17.5,$14.00,$22.07,$29.51,110.79%
Arcutis Biotherapeutics,ARQT,Health Care,1/31/2020,9.4,$17.00,$21.80,$25.53,50.18%
Reynolds Consumer Products,REYN,Consumer Goods,1/31/2020,47.2,$26.00,$28.55,$31.41,20.81%
AnPac Bio-Medical Science,ANPC,Health Care,1/30/2020,1.3,$12.00,$11.25,$7.05,-41.25%
Black Diamond Therapeutics,BDTX,Health Care,1/30/2020,10.6,$19.00,$39.48,$34.58,82.00%
Annovis Bio,ANVS,Health Care,1/29/2020,2,$6.00,$9.59,$4.50,-25.00%
I-MAB,IMAB,Health Care,1/17/2020,7.4,$14.00,$12.50,$24.01,71.50%
LIZHI,LIZI,Technology,1/17/2020,4.1,$11.00,$11.63,$5.40,-50.91%
Phoenix Tree Holdings Ltd.,DNK,Consumer Services,1/17/2020,9.6,$13.50,$13.00,$9.14,-32.30%
Velocity Financial,VEL,Financials,1/17/2020,7.3,$13.00,$13.51,$4.66,-64.15%
Molecular Data,MKD,Consumer Services,12/30/2019,11.5,$5.38,$5.46,$1.75,-67.47%
Indonesia Energy Corp Ltd.,INDO,Health Care,12/19/2019,1.4,$11.00,$10.50,$4.54,-58.73%
Monopar Therapeutics,MNPR,Health Care,12/19/2019,1.1,$8.00,$26.50,$7.98,-0.25%
OneConnect Financial Technology,OCFT,Technology,12/13/2019,31.2,$10.00,$10.00,$15.63,56.30%
Sprout Social,SPT,Technology,12/13/2019,8.8,$17.00,$16.60,$26.50,55.88%
Bill.com Holdings,BILL,Technology,12/12/2019,9.8,$22.00,$35.50,$78.35,256.14%
EHang Holdings Ltd.,EH,Consumer Services,12/12/2019,3.2,$12.50,$12.49,$12.00,-4.00%
XP Inc.,XP,Financials,12/11/2019,72.5,$27.00,$34.46,$41.20,52.59%
LMP Automotive Holdings,LMPX,Consumer Goods,12/5/2019,2.3,$5.00,$5.36,$9.84,96.80%
Alpine Income Property Trust,PINE,Financials,11/22/2019,7.5,$19.00,$19.00,$16.06,-15.47%
Canaan,CAN,Technology,11/21/2019,10,$9.00,$8.99,$2.06,-77.11%
SiTime,SITM,Technology,11/21/2019,4.3,$13.00,$18.65,$35.75,175.00%
YayYo,YAYO,Technology,11/13/2019,2.6,$4.00,$3.55,$0.48,-88.00%
89bio,ETNB,Health Care,11/11/2019,5.3,$16.00,$20.80,$24.27,51.69%
36Kr Holdings,KRKR,Consumer Goods,11/8/2019,1.4,$14.50,$13.06,$5.31,-63.38%
CNS Pharmaceuticals,CNSP,Health Care,11/8/2019,2.1,$4.00,$4.57,$2.47,-38.25%
ECMOHO Ltd.,MOHO,Consumer Goods,11/8/2019,4.4,$10.00,$10.10,$2.95,-70.50%
TELA Bio,TELA,Health Care,11/8/2019,4,$13.00,$13.35,$16.87,29.77%
Centogene B.V.,CNTG,Health Care,11/7/2019,4,$14.00,$12.49,$21.32,52.29%
Galera Therapeutics,GRTX,Health Care,11/7/2019,5,$12.00,$12.00,$8.72,-27.33%
Silvergate Capital,SI,Financials,11/7/2019,3.3,$12.00,$12.52,$13.40,11.67%
Q&K International Group,QK,Financials,11/5/2019,2.7,$17.00,$17.64,$11.50,-32.35%
Fangdd Network Group,DUO,Financials,11/1/2019,6,$13.00,$13.00,$11.75,-9.62%
Oyster Point Pharma,OYST,Health Care,10/31/2019,5,$16.00,$18.78,$28.75,79.69%
RAPT Therapeutics,RAPT,Health Care,10/31/2019,3,$12.00,$13.00,$21.52,79.33%
Aesthetic Medical International Holdings Group,AIH,Health Care,10/25/2019,2.5,$12.00,$10.03,$6.44,-46.33%
Cabaletta Bio,CABA,Health Care,10/25/2019,6.8,$11.00,$10.00,$7.81,-29.00%
Happiness Biotech Group Limited,HAPP,Health Care,10/25/2019,2,$5.50,$4.50,$2.72,-50.55%
Phathom Pharmaceuticals,PHAT,Health Care,10/25/2019,9.6,$19.00,$24.60,$49.44,160.21%
Progyny,PGNY,Health Care,10/25/2019,10,$13.00,$15.94,$22.56,73.54%
TFF Pharmaceuticals,TFFP,Health Care,10/25/2019,4.4,$5.00,$5.07,$5.25,5.00%
Youdao,DAO,Consumer Services,10/25/2019,5.6,$17.00,$12.50,$26.22,54.24%
BRP Group,BRP,Financials,10/24/2019,16.4,$14.00,$16.37,$14.78,5.57%
BellRing Brands,BRBR,Consumer Goods,10/17/2019,34.3,$14.00,$16.50,$19.11,36.50%
HBT Financial,HBT,Financials,10/11/2019,8.3,$16.00,$15.54,$13.17,-17.69%
Vir Biotechnology,VIR,Health Care,10/11/2019,7.1,$20.00,$14.05,$34.22,71.10%
BioNTech SE,BNTX,Health Care,10/10/2019,10,$15.00,$14.24,$48.58,223.87%
Aprea Therapeutics,APRE,Health Care,10/3/2019,5.7,$15.00,$20.50,$30.66,104.40%
Frequency Therapeutics,FREQ,Health Care,10/3/2019,6,$14.00,$13.70,$19.93,42.36%
Viela Bio,VIE,Health Care,10/3/2019,7.9,$19.00,$23.41,$46.83,146.47%
Oportun Financial,OPRT,Financials,9/26/2019,6.3,$15.00,$16.17,$12.78,-14.80%
Peloton Interactive,PTON,Consumer Services,9/26/2019,40,$29.00,$25.76,$47.10,62.41%
Datadog,DDOG,Technology,9/19/2019,24,$27.00,$37.55,$78.05,189.07%
Exagen,XGN,Health Care,9/19/2019,3.6,$14.00,$18.58,$12.45,-11.07%
Ping Identity Holding,PING,Technology,9/19/2019,12.5,$15.00,$20.11,$28.92,92.80%
Envista Holdings,NVST,Health Care,9/18/2019,26.8,$22.00,$27.95,$19.54,-11.18%
IGM Biosciences,IGMS,Health Care,9/18/2019,10.9,$16.00,$24.30,$62.54,290.88%
Cloudflare,NET,Technology,9/13/2019,35,$15.00,$18.00,$28.82,92.13%
Satsuma Pharmaceuticals,STSA,Health Care,9/13/2019,5.5,$15.00,$16.90,$26.99,79.93%
SpringWorks Therapeutics,SWTX,Health Care,9/13/2019,9,$18.00,$22.63,$42.96,138.67%
10x Genomics,TXG,Health Care,9/12/2019,10,$39.00,$52.75,$83.26,113.49%
SmileDirectClub,SDC,Health Care,9/12/2019,58.5,$23.00,$16.67,$7.36,-68.00%
9F,JFU,Financials,8/15/2019,8.9,$9.50,$9.58,$6.30,-33.68%
CrossFirst Bankshares,CFB,Financials,8/15/2019,7,$14.50,$14.60,$8.90,-38.62%
InMode Ltd.,INMD,Technology,8/8/2019,5,$14.00,$13.57,$29.79,112.79%
AMTD International,HKIB,Financials,8/5/2019,20.8,$8.38,$10.09,$6.50,-22.43%
Dynatrace Holdings,DT,Technology,8/1/2019,35.6,$16.00,$23.85,$35.89,124.31%
Kura Sushi USA,KRUS,Consumer Goods,8/1/2019,2.9,$14.00,$19.61,$16.07,14.79%
Sundial Growers,SNDL,Health Care,8/1/2019,11,$11.00,$8.48,$0.97,-91.18%
Blue Hat Interactive Entertainment Technology,BHAT,Consumer Goods,7/26/2019,2,$4.00,$4.58,$1.18,-70.50%
Wanda Sports Group,WSG,Consumer Services,7/26/2019,23.8,$8.00,$5.16,$2.61,-67.38%
Castle Biosciences,CSTL,Health Care,7/25/2019,4,$16.00,$21.40,$37.02,131.38%
Health Catalyst,HCAT,Technology,7/25/2019,7,$26.00,$39.17,$27.26,4.85%
Livongo Health,LVGO,Health Care,7/25/2019,12.7,$28.00,$38.10,$60.00,114.29%
ProSight Global,PROS,Financials,7/25/2019,7.9,$14.00,$17.07,$9.58,-31.57%
Sunnova Energy International,NOVA,Consumer Services,7/25/2019,14,$12.00,$11.25,$16.36,36.33%
Afya Limited,AFYA,Consumer Services,7/19/2019,13.7,$19.00,$24.09,$23.08,21.47%
Medallia,MDLA,Technology,7/19/2019,15.5,$21.00,$37.05,$26.01,23.86%
AssetMark Financial Holdings,AMK,Financials,7/18/2019,12.5,$22.00,$27.04,$27.05,22.95%
Fulcrum Therapeutics,FULC,Health Care,7/18/2019,4.5,$16.00,$13.50,$17.37,8.56%
Mirum Pharmaceuticals,MIRM,Health Care,7/18/2019,5,$15.00,$13.21,$17.65,17.67%
Owl Rock Capital Corp.,ORCC,Financials,7/18/2019,10,$15.30,$15.49,$12.22,-20.13%
Phreesia,PHR,Consumer Services,7/18/2019,9.3,$18.00,$25.08,$28.67,59.28%
DouYu International Holdings,DOYU,Technology,7/17/2019,67.4,$11.50,$11.50,$8.98,-21.91%
Karuna Therapeutics,KRTX,Health Care,6/28/2019,5.6,$16.00,$20.02,$92.86,480.38%
TheRealReal,REAL,Consumer Goods,6/28/2019,15,$20.00,$28.90,$12.54,-37.30%
Adaptive Biotechnologies,ADPT,Health Care,6/27/2019,15,$20.00,$40.30,$42.71,113.55%
BridgeBio Pharma,BBIO,Health Care,6/27/2019,20.5,$17.00,$27.55,$28.67,68.65%
Change Healthcare,CHNG,Technology,6/27/2019,42.9,$13.00,$15.00,$10.59,-18.54%
Morphic Holding,MORF,Health Care,6/27/2019,6,$15.00,$18.00,$22.49,49.93%
BlackRock Science and Technology Trust II,BSTZ,Financials,6/26/2019,70,$20.00,$20.02,$21.80,9.00%
Cambium Networks,CMBM,Telecommunications,6/26/2019,5.8,$12.00,$9.70,$5.81,-51.58%
Akero Therapeutics,AKRO,Health Care,6/20/2019,5.8,$16.00,$18.32,$24.28,51.75%
Atreca,BCEL,Health Care,6/20/2019,7.4,$17.00,$18.05,$17.44,2.59%
Grocery Outlet Holding,GO,Consumer Goods,6/20/2019,17.2,$22.00,$28.51,$32.63,48.32%
Personalis,PSNL,Health Care,6/20/2019,7.9,$17.00,$28.49,$11.69,-31.24%
Prevail Therapeutics,PRVL,Health Care,6/20/2019,7.4,$17.00,$13.60,$15.59,-8.29%
Stoke Therapeutics,STOK,Health Care,6/19/2019,7.9,$18.00,$25.57,$22.54,25.22%
Chewy,CHWY,Consumer Goods,6/14/2019,46.5,$22.00,$34.99,$35.00,59.09%
Fiverr International Ltd.,FVRR,Technology,6/13/2019,5.3,$21.00,$39.90,$29.70,41.43%
CrowdStrike Holdings,CRWD,Technology,6/12/2019,18,$34.00,$58.00,$68.29,100.85%
Mohawk Group Holdings,MWK,Consumer Goods,6/12/2019,3.6,$10.00,$10.00,$8.07,-19.30%
GSX Techedu,GSX,Consumer Services,6/6/2019,19.8,$10.50,$10.48,$10.79,2.76%
Bicycle Therapeutics Limited,BCYC,Health Care,5/23/2019,4.3,$14.00,$12.00,$10.06,-28.14%
IDEAYA Biosciences,IDYA,Health Care,5/23/2019,5,$10.00,$11.19,$9.96,-0.40%
Rattler Midstream Partners LP,RTLR,Oil & Gas,5/23/2019,38,$17.50,$19.24,$19.39,10.80%
Avantor,AVTR,Health Care,5/17/2019,207,$14.00,$14.50,$19.09,36.36%
Fastly,FSLY,Technology,5/17/2019,11.3,$16.00,$23.99,$20.28,26.75%
Postal Realty Trust,PSTL,Financials,5/15/2019,4.5,$17.00,$17.00,$15.75,-7.35%
Applied Therapeutics,APLT,Health Care,5/13/2019,4,$10.00,$9.40,$8.24,-17.60%
Jiayin Group,JFIN,Financials,5/10/2019,3.5,$10.50,$16.15,$15.99,52.29%
Sonim Technologies,SONM,Telecommunications,5/10/2019,3.6,$11.00,$10.99,$12.73,15.73%
Uber Technologies,UBER,Consumer Services,5/10/2019,180,$45.00,$41.57,$46.38,3.07%
Axcella Health,AXLA,Health Care,5/9/2019,3.6,$20.00,$13.80,$9.31,-53.45%
Cortexyme,CRTX,Health Care,5/9/2019,4.4,$17.00,$32.89,$42.51,150.06%
HeadHunter Group PLC,HHR,Consumer Services,5/9/2019,16.3,$13.50,$15.75,$16.25,20.37%
Mayville Engineering,MEC,Industrials,5/9/2019,6.3,$17.00,$16.47,$13.80,-18.82%
Milestone Pharmaceuticals,MIST,Health Care,5/9/2019,5.5,$15.00,$15.37,$27.15,81.00%
NextCure,NXTC,Health Care,5/9/2019,5,$15.00,$19.90,$14.98,-0.13%
South Plains Financial,SPFI,Financials,5/9/2019,3.4,$17.50,$17.71,$16.50,-5.71%
Parsons,PSN,Technology,5/8/2019,18.5,$27.00,$30.07,$36.86,36.52%
Trevi Therapeutics,TRVI,Health Care,5/7/2019,5.5,$10.00,$7.89,$7.50,-25.00%
Red River Bancshares,RRBI,Financials,5/3/2019,0.6,$45.00,$50.25,$48.45,7.67%
SciPlay,SCPL,Technology,5/3/2019,22,$16.00,$15.25,$13.71,-14.31%
Beyond Meat,BYND,Consumer Goods,5/2/2019,9.6,$25.00,$65.75,$160.68,542.72%
So-Young International,SY,Technology,5/2/2019,13,$13.80,$18.20,$13.89,0.65%
TransMedics Group,TMDX,Health Care,5/2/2019,5.7,$16.00,$22.36,$28.99,81.19%
Brigham Minerals,MNRL,Oil & Gas,4/18/2019,14.5,$18.00,$19.92,$21.46,19.22%
Greenlane Holdings,GNLN,Consumer Goods,4/18/2019,6,$17.00,$21.10,$9.59,-43.59%
HOOKIPA Pharma,HOOK,Health Care,4/18/2019,6,$14.00,$14.00,$6.73,-51.93%
Pinterest,PINS,Technology,4/18/2019,75,$19.00,$24.40,$27.22,43.26%
Zoom Video Communications,ZM,Technology,4/18/2019,20.9,$36.00,$62.00,$88.79,146.64%
Turning Point Therapeutics,TPTX,Health Care,4/17/2019,9.3,$18.00,$28.90,$40.70,126.11%
Jumia,JMIA,Consumer Goods,4/12/2019,13.5,$14.50,$25.46,$26.42,82.21%
PagerDuty,PD,Technology,4/11/2019,9.1,$24.00,$38.25,$47.05,96.04%
Tufin Software Technologies Ltd.,TUFN,Technology,4/11/2019,7.7,$14.00,$19.10,$25.89,84.93%
Guardion Health Sciences,GHSI,Health Care,4/5/2019,1.5,$4.00,$3.68,$1.26,-68.50%
Silk Road Medical,SILK,Health Care,4/4/2019,6,$20.00,$36.18,$48.46,142.30%
Tradeweb Markets,TW,Financials,4/4/2019,40,$27.00,$35.81,$43.81,62.26%
Ruhnn Holding Ltd.,RUHN,Consumer Goods,4/3/2019,10,$12.50,$7.85,$3.44,-72.48%
"Powerbridge Technologies Co., Ltd.",PBTS,Technology,4/2/2019,1.8,$5.00,$5.21,$3.58,-28.40%
Lyft,LYFT,Consumer Services,3/29/2019,32.5,$72.00,$78.29,$65.71,-8.74%
Levi Strauss & Co.,LEVI,Consumer Goods,3/21/2019,36.7,$17.00,$22.41,$20.88,22.82%
UP Fintech Holding Limited,TIGR,Financials,3/20/2019,13,$8.00,$10.92,$5.57,-30.38%
Futu Holdings Limited,FHL,Financials,3/8/2019,7.5,$12.00,$15.32,$10.57,-11.92%
ShockWave Medical,SWAV,Health Care,3/7/2019,5.7,$17.00,$30.50,$57.09,235.82%
Kaleido Biosciences,KLDO,Health Care,2/28/2019,5,$15.00,$14.23,$11.60,-22.67%
Super League Gaming,SLGG,Consumer Services,2/26/2019,2.3,$11.00,$8.50,$8.55,-22.27%
Hoth Therapeutics,HOTH,Health Care,2/15/2019,1.3,$5.60,$8.53,$5.81,3.75%
Avedro,AVDR,Health Care,2/14/2019,5,$14.00,$12.29,$19.64,40.29%
TCR2 Therapeutics,TCRR,Health Care,2/14/2019,5,$15.00,$15.07,$14.31,-4.60%
Harpoon Therapeutics,HARP,Health Care,2/8/2019,5.4,$14.00,$13.50,$13.00,-7.14%
Alector,ALEC,Health Care,2/7/2019,9.3,$19.00,$18.00,$19.00,0.00%
New Fortress Energy,NFE,Oil & Gas,1/31/2019,20,$14.00,$13.07,$11.71,-16.36%
MMTEC,MTC,Technology,1/8/2019,1.8,$4.00,$5.94,$16.83,320.75%
360 Finance,QFIN,Financials,12/14/2018,3.1,$16.50,$16.50,$11.75,-28.79%
Tencent Music Entertainment Group,TME,Consumer Services,12/12/2018,82,$13.00,$14.00,$14.99,15.31%
Moderna,MRNA,Health Care,12/7/2018,26.3,$23.00,$18.60,$14.64,-36.35%
Synthorx,THOR,Health Care,12/7/2018,11.9,$11.00,$12.61,$13.51,22.82%
MOGU,MOGU,Consumer Goods,12/6/2018,4.8,$14.00,$14.00,$2.85,-79.64%
Medalist Diversified REIT,MDRR,Financials,11/28/2018,0.2,$10.00,$9.40,$4.38,-56.20%
TuanChe Limited,TC,Consumer Goods,11/20/2018,2.6,$7.80,$7.83,$3.06,-60.77%
Bain Capital Specialty Finance,BCSF,Financials,11/15/2018,7.5,$20.25,$18.00,$18.62,-8.05%
Weidai Ltd.,WEI,Financials,11/15/2018,4.5,$10.00,$10.25,$9.00,-10.00%
Vapotherm,VAPO,Health Care,11/14/2018,4,$14.00,$16.00,$23.00,64.29%
Eton Pharmaceuticals,ETON,Health Care,11/13/2018,3.6,$6.00,$6.25,$7.90,31.67%
CNFinance Holdings Limited,CNF,Financials,11/7/2018,6.5,$7.50,$7.60,$5.93,-20.93%
Axonics Modulation Technologies,AXNX,Health Care,10/31/2018,8,$15.00,$14.98,$40.97,173.13%
Orchard Rx Ltd.,ORTX,Health Care,10/31/2018,14.3,$14.00,$14.00,$13.99,-0.07%
Twist Bioscience,TWST,Health Care,10/31/2018,5,$14.00,$14.00,$29.01,107.21%
Gamida Cell Ltd.,GMDA,Health Care,10/26/2018,6.3,$8.00,$8.44,$5.08,-36.50%
Pintec Technology Holdings,PT,Technology,10/25/2018,3.7,$11.88,$12.49,$2.97,-75.00%
YETI Holdings,YETI,Consumer Goods,10/25/2018,16,$18.00,$17.00,$28.95,60.83%
LogicBio Therapeutics,LOGC,Health Care,10/19/2018,7,$10.00,$11.50,$13.00,30.00%
Niu Technologies,NIU,Consumer Goods,10/19/2018,7,$9.00,$8.65,$5.91,-34.33%
SolarWinds,SWI,Technology,10/19/2018,25,$15.00,$15.03,$18.34,22.27%
Osmotica Pharmaceuticals plc,OSMT,Health Care,10/18/2018,6.7,$7.00,$8.15,$3.80,-45.71%
PhaseBio Pharmaceuticals,PHAS,Health Care,10/18/2018,9.2,$5.00,$5.00,$13.12,162.40%
Studio City International Holdings,MSC,Consumer Services,10/18/2018,28.8,$12.50,$15.50,$19.82,58.56%
SI-BONE,SIBN,Health Care,10/17/2018,7.2,$15.00,$20.06,$20.34,35.60%
Anaplan,PLAN,Technology,10/12/2018,15.5,$17.00,$24.30,$50.47,196.88%
Equillium,EQ,Health Care,10/12/2018,4.7,$14.00,$14.00,$5.66,-59.57%
Allogene Therapeutics,ALLO,Health Care,10/11/2018,18,$18.00,$25.00,$26.85,49.17%
Livent,LTHM,Basic Materials,10/11/2018,20,$17.00,$16.97,$6.92,-59.29%
Elastic N.V.,ESTC,Technology,10/5/2018,7,$36.00,$70.00,$74.66,107.39%
Guardant Health,GH,Health Care,10/4/2018,12.5,$19.00,$32.20,$86.33,354.37%
Kodiak Sciences Inc.,KOD,Health Care,10/4/2018,9,$10.00,$10.16,$11.70,17.00%
Upwork,UPWK,Technology,10/3/2018,12.5,$15.00,$21.18,$16.08,7.20%
CooTek (Cayman) Inc.,CTK,Technology,9/28/2018,4.4,$12.00,$9.44,$9.59,-20.08%
Arvinas,ARVN,Health Care,9/27/2018,7.5,$16.00,$16.05,$21.99,37.44%
LAIX Inc.,LAIX,Consumer Services,9/27/2018,5.8,$12.50,$12.65,$10.48,-16.16%
Ra Medical Systems,RMED,Health Care,9/27/2018,3.9,$17.00,$20.00,$3.62,-78.71%
Urovant Sciences,UROV,Health Care,9/27/2018,10,$14.00,$11.65,$7.91,-43.50%
Arco Platform Ltd.,ARCE,Consumer Services,9/26/2018,11.1,$17.50,$23.50,$43.78,150.17%
Capital Bancorp,CBNK,Financials,9/26/2018,2.2,$12.50,$12.80,$12.30,-1.60%
Entasis Therapeutics Holdings,ETTX,Health Care,9/26/2018,5,$15.00,$10.66,$6.45,-57.00%
SVMK (SurveyMonkey),SVMK,Technology,9/26/2018,12,$12.00,$17.24,$16.51,37.58%
"Viomi Technology Co., Ltd.",VIOT,Consumer Goods,9/25/2018,11.4,$9.00,$9.08,$8.11,-9.89%
Farfetch Ltd.,FTCH,Consumer Goods,9/21/2018,44.2,$20.00,$28.45,$20.80,4.00%
Sutro Biopharma,STRO,Health Care,9/21/2018,5.7,$15.00,$15.20,$11.38,-24.13%
Y-mAbs Therapeutics,YMAB,Health Care,9/21/2018,6,$16.00,$24.00,$22.87,42.94%
Bank7,BSVN,Financials,9/20/2018,3.4,$19.00,$19.09,$18.49,-2.68%
Elanco Animal Health,ELAN,Health Care,9/20/2018,62.9,$24.00,$36.00,$33.80,40.83%
Eventbrite,EB,Technology,9/20/2018,10,$23.00,$36.50,$16.20,-29.57%
X Financial,XYF,Financials,9/19/2018,11,$9.50,$11.91,$3.75,-60.53%
FVCBankcorp,FVCB,Financials,9/14/2018,1.8,$20.00,$20.00,$19.42,-2.90%
Principia Biopharma,PRNB,Health Care,9/14/2018,6.3,$17.00,$32.65,$33.19,95.24%
Qutoutiao,QTT,Technology,9/14/2018,12,$7.00,$15.97,$3.94,-43.71%
111,YI,Consumer Goods,9/12/2018,7.2,$14.00,$13.80,$5.56,-60.29%
NIO Inc.,NIO,Consumer Goods,9/12/2018,160,$6.26,$6.60,$2.55,-59.27%
Aridis Pharmaceuticals,ARDS,Health Care,8/14/2018,2,$13.00,$13.00,$10.17,-21.77%
Mesa Air Group,MESA,Industrials,8/10/2018,9.6,$12.00,$11.75,$9.14,-23.83%
Vaccinex,VCNX,Health Care,8/9/2018,3.3,$12.00,$11.38,$5.52,-54.00%
Arlo Technologies,ARLO,Technology,8/3/2018,10.2,$16.00,$22.10,$4.01,-74.94%
Cushman & Wakefield plc,CWK,Financials,8/2/2018,45,$17.00,$17.81,$17.88,5.18%
Sonos,SONO,Technology,8/2/2018,13.9,$15.00,$19.91,$11.34,-24.40%
Berry Petroleum,BRY,Health Care,7/27/2018,13,$14.00,$13.25,$10.60,-24.29%
Endava Ltd.,DAVA,Technology,7/27/2018,6.3,$20.00,$25.20,$40.24,101.20%
Opera Ltd.,OPRA,Technology,7/27/2018,9.6,$12.00,$13.11,$10.44,-13.00%
Aurora Mobile Limited,JG,Technology,7/26/2018,9.1,$8.50,$8.80,$4.75,-44.12%
Cango,CANG,Technology,7/26/2018,4,$11.00,$12.52,$6.92,-37.09%
Focus Financial Partners,FOCS,Financials,7/26/2018,16.2,$33.00,$37.55,$27.31,-17.24%
Liquidia Technologies,LQDA,Health Care,7/26/2018,4.5,$11.00,$11.10,$8.00,-27.27%
Pinduoduo,PDD,Technology,7/26/2018,85.6,$19.00,$26.70,$20.63,8.58%
Tenable Holdings,TENB,Technology,7/26/2018,10.9,$23.00,$30.25,$28.54,24.09%
Aquestive Therapeutics,AQST,Health Care,7/25/2018,4,$15.00,$16.05,$4.20,-72.00%
Bloom Energy,BE,Utilities,7/25/2018,18,$15.00,$25.00,$12.27,-18.20%
Replimune Group,REPL,Health Care,7/20/2018,6.7,$15.00,$15.16,$14.66,-2.27%
Allakos,ALLK,Health Care,7/19/2018,7.1,$18.00,$31.25,$43.33,140.72%
Constellation Pharmaceuticals,CNST,Health Care,7/19/2018,4,$15.00,$11.50,$12.28,-18.13%
Establishment Labs Holdings,ESTA,Health Care,7/19/2018,3.7,$18.00,$24.75,$21.99,22.17%
First Western Financial,MYFW,Financials,7/19/2018,2,$19.00,$19.00,$13.26,-30.21%
Tilray,TLRY,Health Care,7/19/2018,9,$17.00,$22.39,$46.56,173.88%
Coastal Financial,CCB,Financials,7/18/2018,2.9,$14.50,$16.40,$15.47,6.69%
Crinetics Pharmaceuticals,CRNX,Health Care,7/18/2018,6,$17.00,$24.51,$25.00,47.06%
Rubius Therapeutics,RUBY,Health Care,7/18/2018,10.5,$23.00,$24.25,$15.73,-31.61%
Domo,DOMO,Technology,6/29/2018,9.2,$21.00,$27.30,$27.32,30.10%